--
-- Custom GUIDs
-- `gameobject` [5330300,5330508]
DELETE FROM `pool_gameobject` WHERE `guid` IN
(5330334, 5330333, 5330332, 5330331, 5330330, 5330326, 5330325, 5330324, 5330323,
5330322, 5330321, 5330320, 5330316, 5330315, 5330314, 5330313, 5330312, 5330311,
5330310, 5330307, 5330306, 5330305, 5330304, 5330303, 5330302, 5330301, 5330300,
5330335, 5330336, 5330340, 5330341, 5330342, 5330343, 5330344, 5330345, 5330346,
5330350, 5330351, 5330352, 5330353, 5330354, 5330355, 5330360, 5330361, 5330362,
5330363, 5330364, 5330365, 5330366, 5330367, 5330370, 5330371, 5330372, 5330373,
5330374, 5330375, 5330376, 5330380, 5330381, 5330382, 5330383, 5330384, 5330385,
5330390, 5330391, 5330392, 5330393, 5330394, 5330395, 5330396, 5330400, 5330401,
5330402, 5330403, 5330404, 5330410, 5330411, 5330412, 5330413, 5330414, 5330415,
5330416, 5330420, 5330421, 5330422, 5330423, 5330424, 5330425, 5330426, 5330427,
5330428, 5330429, 5330430, 5330431, 5330432, 5330440, 5330441, 5330442, 5330443,
5330444, 5330445, 5330446, 5330447, 5330450, 5330451, 5330452, 5330453, 5330454,
5330455, 5330456, 5330457, 5330460, 5330461, 5330462, 5330463, 5330464, 5330465,
5330470, 5330471, 5330472, 5330473, 5330474, 5330475, 5330476, 5330477, 5330480,
5330481, 5330482, 5330483, 5330484, 5330485, 5330486, 5330487, 5330490, 5330491,
5330492, 5330493, 5330494, 5330495, 5330496, 5330500, 5330501, 5330502, 5330503,
5330504, 5330505, 5330506, 5330507, 5330508);

INSERT INTO `pool_gameobject` (`guid`, `pool_entry`, `chance`, `description`) VALUES
(5330334, 47853, 0.0, 'Naxxramas - Frozen Rune - Spider Wing, left (181287)'),
(5330333, 47853, 0.0, 'Naxxramas - Frozen Rune - Spider Wing, left (181287)'),
(5330332, 47853, 0.0, 'Naxxramas - Frozen Rune - Spider Wing, left (181287)'),
(5330331, 47853, 0.0, 'Naxxramas - Frozen Rune - Spider Wing, left (181287)'),
(5330330, 47853, 0.0, 'Naxxramas - Frozen Rune - Spider Wing, left (181287)'),
(5330326, 47852, 0.0, 'Naxxramas - Frozen Rune - Maexxna (181287)'),
(5330325, 47852, 0.0, 'Naxxramas - Frozen Rune - Maexxna (181287)'),
(5330324, 47852, 0.0, 'Naxxramas - Frozen Rune - Maexxna (181287)'),
(5330323, 47852, 0.0, 'Naxxramas - Frozen Rune - Maexxna (181287)'),
(5330322, 47852, 0.0, 'Naxxramas - Frozen Rune - Maexxna (181287)'),
(5330321, 47852, 0.0, 'Naxxramas - Frozen Rune - Maexxna (181287)'),
(5330320, 47852, 0.0, 'Naxxramas - Frozen Rune - Maexxna (181287)'),
(5330316, 47851, 0.0, 'Naxxramas - Frozen Rune - Grand Widow Faerlina (181287)'),
(5330315, 47851, 0.0, 'Naxxramas - Frozen Rune - Grand Widow Faerlina (181287)'),
(5330314, 47851, 0.0, 'Naxxramas - Frozen Rune - Grand Widow Faerlina (181287)'),
(5330313, 47851, 0.0, 'Naxxramas - Frozen Rune - Grand Widow Faerlina (181287)'),
(5330312, 47851, 0.0, 'Naxxramas - Frozen Rune - Grand Widow Faerlina (181287)'),
(5330311, 47851, 0.0, 'Naxxramas - Frozen Rune - Grand Widow Faerlina (181287)'),
(5330310, 47851, 0.0, 'Naxxramas - Frozen Rune - Grand Widow Faerlina (181287)'),
(5330307, 47850, 0.0, 'Naxxramas - Frozen Rune - Anub''Rekhan (181287)'),
(5330306, 47850, 0.0, 'Naxxramas - Frozen Rune - Anub''Rekhan (181287)'),
(5330305, 47850, 0.0, 'Naxxramas - Frozen Rune - Anub''Rekhan (181287)'),
(5330304, 47850, 0.0, 'Naxxramas - Frozen Rune - Anub''Rekhan (181287)'),
(5330303, 47850, 0.0, 'Naxxramas - Frozen Rune - Anub''Rekhan (181287)'),
(5330302, 47850, 0.0, 'Naxxramas - Frozen Rune - Anub''Rekhan (181287)'),
(5330301, 47850, 0.0, 'Naxxramas - Frozen Rune - Anub''Rekhan (181287)'),
(5330300, 47850, 0.0, 'Naxxramas - Frozen Rune - Anub''Rekhan (181287)'),
(5330335, 47853, 0.0, 'Naxxramas - Frozen Rune - Spider Wing, left (181287)'),
(5330336, 47853, 0.0, 'Naxxramas - Frozen Rune - Spider Wing, left (181287)'),
(5330340, 47854, 0.0, 'Naxxramas - Frozen Rune - Spider Wing, right (181287)'),
(5330341, 47854, 0.0, 'Naxxramas - Frozen Rune - Spider Wing, right (181287)'),
(5330342, 47854, 0.0, 'Naxxramas - Frozen Rune - Spider Wing, right (181287)'),
(5330343, 47854, 0.0, 'Naxxramas - Frozen Rune - Spider Wing, right (181287)'),
(5330344, 47854, 0.0, 'Naxxramas - Frozen Rune - Spider Wing, right (181287)'),
(5330345, 47854, 0.0, 'Naxxramas - Frozen Rune - Spider Wing, right (181287)'),
(5330346, 47854, 0.0, 'Naxxramas - Frozen Rune - Spider Wing, right (181287)'),
(5330350, 47855, 0.0, 'Naxxramas - Frozen Rune - Noth the Plaguebringer (181287)'),
(5330351, 47855, 0.0, 'Naxxramas - Frozen Rune - Noth the Plaguebringer (181287)'),
(5330352, 47855, 0.0, 'Naxxramas - Frozen Rune - Noth the Plaguebringer (181287)'),
(5330353, 47855, 0.0, 'Naxxramas - Frozen Rune - Noth the Plaguebringer (181287)'),
(5330354, 47855, 0.0, 'Naxxramas - Frozen Rune - Noth the Plaguebringer (181287)'),
(5330355, 47855, 0.0, 'Naxxramas - Frozen Rune - Noth the Plaguebringer (181287)'),
(5330360, 47856, 0.0, 'Naxxramas - Frozen Rune - Heigan (181287)'),
(5330361, 47856, 0.0, 'Naxxramas - Frozen Rune - Heigan (181287)'),
(5330362, 47856, 0.0, 'Naxxramas - Frozen Rune - Heigan (181287)'),
(5330363, 47856, 0.0, 'Naxxramas - Frozen Rune - Heigan (181287)'),
(5330364, 47856, 0.0, 'Naxxramas - Frozen Rune - Heigan (181287)'),
(5330365, 47856, 0.0, 'Naxxramas - Frozen Rune - Heigan (181287)'),
(5330366, 47856, 0.0, 'Naxxramas - Frozen Rune - Heigan (181287)'),
(5330367, 47856, 0.0, 'Naxxramas - Frozen Rune - Heigan (181287)'),
(5330370, 47857, 0.0, 'Naxxramas - Frozen Rune - Loatheb (181287)'),
(5330371, 47857, 0.0, 'Naxxramas - Frozen Rune - Loatheb (181287)'),
(5330372, 47857, 0.0, 'Naxxramas - Frozen Rune - Loatheb (181287)'),
(5330373, 47857, 0.0, 'Naxxramas - Frozen Rune - Loatheb (181287)'),
(5330374, 47857, 0.0, 'Naxxramas - Frozen Rune - Loatheb (181287)'),
(5330375, 47857, 0.0, 'Naxxramas - Frozen Rune - Loatheb (181287)'),
(5330376, 47857, 0.0, 'Naxxramas - Frozen Rune - Loatheb (181287)'),
(5330380, 47858, 0.0, 'Naxxramas - Frozen Rune - Plague Wing, left (181287)'),
(5330381, 47858, 0.0, 'Naxxramas - Frozen Rune - Plague Wing, left (181287)'),
(5330382, 47858, 0.0, 'Naxxramas - Frozen Rune - Plague Wing, left (181287)'),
(5330383, 47858, 0.0, 'Naxxramas - Frozen Rune - Plague Wing, left (181287)'),
(5330384, 47858, 0.0, 'Naxxramas - Frozen Rune - Plague Wing, left (181287)'),
(5330385, 47858, 0.0, 'Naxxramas - Frozen Rune - Plague Wing, left (181287)'),
(5330390, 47859, 0.0, 'Naxxramas - Frozen Rune - Plague Wing, right (181287)'),
(5330391, 47859, 0.0, 'Naxxramas - Frozen Rune - Plague Wing, right (181287)'),
(5330392, 47859, 0.0, 'Naxxramas - Frozen Rune - Plague Wing, right (181287)'),
(5330393, 47859, 0.0, 'Naxxramas - Frozen Rune - Plague Wing, right (181287)'),
(5330394, 47859, 0.0, 'Naxxramas - Frozen Rune - Plague Wing, right (181287)'),
(5330395, 47859, 0.0, 'Naxxramas - Frozen Rune - Plague Wing, right (181287)'),
(5330396, 47859, 0.0, 'Naxxramas - Frozen Rune - Plague Wing, right (181287)'),
(5330400, 47860, 0.0, 'Naxxramas - Frozen Rune - Patchwerk (181287)'),
(5330401, 47860, 0.0, 'Naxxramas - Frozen Rune - Patchwerk (181287)'),
(5330402, 47860, 0.0, 'Naxxramas - Frozen Rune - Patchwerk (181287)'),
(5330403, 47860, 0.0, 'Naxxramas - Frozen Rune - Patchwerk (181287)'),
(5330404, 47860, 0.0, 'Naxxramas - Frozen Rune - Patchwerk (181287)'),
(5330410, 47861, 0.0, 'Naxxramas - Frozen Rune - Grobbulus (181287)'),
(5330411, 47861, 0.0, 'Naxxramas - Frozen Rune - Grobbulus (181287)'),
(5330412, 47861, 0.0, 'Naxxramas - Frozen Rune - Grobbulus (181287)'),
(5330413, 47861, 0.0, 'Naxxramas - Frozen Rune - Grobbulus (181287)'),
(5330414, 47861, 0.0, 'Naxxramas - Frozen Rune - Grobbulus (181287)'),
(5330415, 47861, 0.0, 'Naxxramas - Frozen Rune - Grobbulus (181287)'),
(5330416, 47861, 0.0, 'Naxxramas - Frozen Rune - Grobbulus (181287)'),
(5330420, 47862, 0.0, 'Naxxramas - Frozen Rune - Gluth (181287)'),
(5330421, 47862, 0.0, 'Naxxramas - Frozen Rune - Gluth (181287)'),
(5330422, 47862, 0.0, 'Naxxramas - Frozen Rune - Gluth (181287)'),
(5330423, 47862, 0.0, 'Naxxramas - Frozen Rune - Gluth (181287)'),
(5330424, 47862, 0.0, 'Naxxramas - Frozen Rune - Gluth (181287)'),
(5330425, 47862, 0.0, 'Naxxramas - Frozen Rune - Gluth (181287)'),
(5330426, 47862, 0.0, 'Naxxramas - Frozen Rune - Gluth (181287)'),
(5330427, 47862, 0.0, 'Naxxramas - Frozen Rune - Gluth (181287)'),
(5330428, 47862, 0.0, 'Naxxramas - Frozen Rune - Gluth (181287)'),
(5330429, 47862, 0.0, 'Naxxramas - Frozen Rune - Gluth (181287)'),
(5330430, 47863, 0.0, 'Naxxramas - Frozen Rune - Thaddius (181287)'),
(5330431, 47863, 0.0, 'Naxxramas - Frozen Rune - Thaddius (181287)'),
(5330432, 47863, 0.0, 'Naxxramas - Frozen Rune - Thaddius (181287)'),
(5330440, 47864, 0.0, 'Naxxramas - Frozen Rune - Abom Wing, left (181287)'),
(5330441, 47864, 0.0, 'Naxxramas - Frozen Rune - Abom Wing, left (181287)'),
(5330442, 47864, 0.0, 'Naxxramas - Frozen Rune - Abom Wing, left (181287)'),
(5330443, 47864, 0.0, 'Naxxramas - Frozen Rune - Abom Wing, left (181287)'),
(5330444, 47864, 0.0, 'Naxxramas - Frozen Rune - Abom Wing, left (181287)'),
(5330445, 47864, 0.0, 'Naxxramas - Frozen Rune - Abom Wing, left (181287)'),
(5330446, 47864, 0.0, 'Naxxramas - Frozen Rune - Abom Wing, left (181287)'),
(5330447, 47864, 0.0, 'Naxxramas - Frozen Rune - Abom Wing, left (181287)'),
(5330450, 47865, 0.0, 'Naxxramas - Frozen Rune - Abom Wing, right (181287)'),
(5330451, 47865, 0.0, 'Naxxramas - Frozen Rune - Abom Wing, right (181287)'),
(5330452, 47865, 0.0, 'Naxxramas - Frozen Rune - Abom Wing, right (181287)'),
(5330453, 47865, 0.0, 'Naxxramas - Frozen Rune - Abom Wing, right (181287)'),
(5330454, 47865, 0.0, 'Naxxramas - Frozen Rune - Abom Wing, right (181287)'),
(5330455, 47865, 0.0, 'Naxxramas - Frozen Rune - Abom Wing, right (181287)'),
(5330456, 47865, 0.0, 'Naxxramas - Frozen Rune - Abom Wing, right (181287)'),
(5330457, 47865, 0.0, 'Naxxramas - Frozen Rune - Abom Wing, right (181287)'),
(5330460, 47866, 0.0, 'Naxxramas - Frozen Rune - Instructor Razuvious (181287)'),
(5330461, 47866, 0.0, 'Naxxramas - Frozen Rune - Instructor Razuvious (181287)'),
(5330462, 47866, 0.0, 'Naxxramas - Frozen Rune - Instructor Razuvious (181287)'),
(5330463, 47866, 0.0, 'Naxxramas - Frozen Rune - Instructor Razuvious (181287)'),
(5330464, 47866, 0.0, 'Naxxramas - Frozen Rune - Instructor Razuvious (181287)'),
(5330465, 47866, 0.0, 'Naxxramas - Frozen Rune - Instructor Razuvious (181287)'),
(5330470, 47867, 0.0, 'Naxxramas - Frozen Rune - Gothik (181287)'),
(5330471, 47867, 0.0, 'Naxxramas - Frozen Rune - Gothik (181287)'),
(5330472, 47867, 0.0, 'Naxxramas - Frozen Rune - Gothik (181287)'),
(5330473, 47867, 0.0, 'Naxxramas - Frozen Rune - Gothik (181287)'),
(5330474, 47867, 0.0, 'Naxxramas - Frozen Rune - Gothik (181287)'),
(5330475, 47867, 0.0, 'Naxxramas - Frozen Rune - Gothik (181287)'),
(5330476, 47867, 0.0, 'Naxxramas - Frozen Rune - Gothik (181287)'),
(5330477, 47867, 0.0, 'Naxxramas - Frozen Rune - Gothik (181287)'),
(5330480, 47868, 0.0, 'Naxxramas - Frozen Rune - Four Horsemen (181287)'),
(5330481, 47868, 0.0, 'Naxxramas - Frozen Rune - Four Horsemen (181287)'),
(5330482, 47868, 0.0, 'Naxxramas - Frozen Rune - Four Horsemen (181287)'),
(5330483, 47868, 0.0, 'Naxxramas - Frozen Rune - Four Horsemen (181287)'),
(5330484, 47868, 0.0, 'Naxxramas - Frozen Rune - Four Horsemen (181287)'),
(5330485, 47868, 0.0, 'Naxxramas - Frozen Rune - Four Horsemen (181287)'),
(5330486, 47868, 0.0, 'Naxxramas - Frozen Rune - Four Horsemen (181287)'),
(5330487, 47868, 0.0, 'Naxxramas - Frozen Rune - Four Horsemen (181287)'),
(5330490, 47869, 0.0, 'Naxxramas - Frozen Rune - Deathknight Wing, left (181287)'),
(5330491, 47869, 0.0, 'Naxxramas - Frozen Rune - Deathknight Wing, left (181287)'),
(5330492, 47869, 0.0, 'Naxxramas - Frozen Rune - Deathknight Wing, left (181287)'),
(5330493, 47869, 0.0, 'Naxxramas - Frozen Rune - Deathknight Wing, left (181287)'),
(5330494, 47869, 0.0, 'Naxxramas - Frozen Rune - Deathknight Wing, left (181287)'),
(5330495, 47869, 0.0, 'Naxxramas - Frozen Rune - Deathknight Wing, left (181287)'),
(5330496, 47869, 0.0, 'Naxxramas - Frozen Rune - Deathknight Wing, left (181287)'),
(5330500, 47870, 0.0, 'Naxxramas - Frozen Rune - Deathknight Wing, right (181287)'),
(5330501, 47870, 0.0, 'Naxxramas - Frozen Rune - Deathknight Wing, right (181287)'),
(5330502, 47870, 0.0, 'Naxxramas - Frozen Rune - Deathknight Wing, right (181287)'),
(5330503, 47870, 0.0, 'Naxxramas - Frozen Rune - Deathknight Wing, right (181287)'),
(5330504, 47870, 0.0, 'Naxxramas - Frozen Rune - Deathknight Wing, right (181287)'),
(5330505, 47870, 0.0, 'Naxxramas - Frozen Rune - Deathknight Wing, right (181287)'),
(5330506, 47870, 0.0, 'Naxxramas - Frozen Rune - Deathknight Wing, right (181287)'),
(5330507, 47870, 0.0, 'Naxxramas - Frozen Rune - Deathknight Wing, right (181287)'),
(5330508, 47870, 0.0, 'Naxxramas - Frozen Rune - Deathknight Wing, right (181287)');

DELETE FROM `gameobject` WHERE `guid` IN
(5330450, 5330447, 5330446, 5330445, 5330444, 5330443, 5330442, 5330441,
5330440, 5330432, 5330431, 5330430, 5330429, 5330428, 5330427, 5330426, 5330425,
5330424, 5330423, 5330422, 5330421, 5330420, 5330416, 5330415, 5330414, 5330413,
5330412, 5330411, 5330410, 5330404, 5330403, 5330402, 5330401, 5330400, 5330396,
5330395, 5330394, 5330393, 5330392, 5330391, 5330390, 5330385, 5330384, 5330383,
5330382, 5330381, 5330380, 5330376, 5330375, 5330374, 5330373, 5330372, 5330371,
5330370, 5330367, 5330366, 5330365, 5330364, 5330363, 5330362, 5330361, 5330360,
5330355, 5330354, 5330353, 5330352, 5330351, 5330350, 5330346, 5330345, 5330453,
5330452, 5330451, 5330344, 5330343, 5330342, 5330341, 5330340, 5330336, 5330335,
5330334, 5330333, 5330332, 5330331, 5330330, 5330326, 5330325, 5330324, 5330323,
5330322, 5330321, 5330320, 5330316, 5330315, 5330314, 5330313, 5330312, 5330311,
5330310, 5330307, 5330306, 5330305, 5330304, 5330303, 5330302, 5330301, 5330300,
5330454, 5330455, 5330456, 5330457, 5330460, 5330461, 5330462, 5330463, 5330464,
5330465, 5330470, 5330471, 5330472, 5330473, 5330474, 5330475, 5330476, 5330477,
5330480, 5330481, 5330482, 5330483, 5330484, 5330485, 5330486, 5330487, 5330490,
5330491, 5330492, 5330493, 5330494, 5330495, 5330496, 5330500, 5330501, 5330502,
5330503, 5330504, 5330505, 5330506, 5330507, 5330508);

INSERT INTO `gameobject` (`guid`, `id`, `map`, `zoneId`, `areaId`, `spawnMask`, `phaseMask`, `position_x`, `position_y`, `position_z`, `orientation`, `rotation0`, `rotation1`, `rotation2`, `rotation3`, `spawntimesecs`, `animprogress`, `state`, `ScriptName`, `VerifiedBuild`) VALUES
(5330450, 181287, 533, 0, 0, 2, 1, 3430.49, -3195.66, 297.557, 4.72984, 0.0, 0.0, -0.700909, 0.713251, 604800, 100, 1, '', 0),
(5330447, 181287, 533, 0, 0, 2, 1, 3254.53, -2964.99, 298.207, 0.0174525, 0.0, 0.0, 0.00872612, 0.999962, 604800, 100, 1, '', 0),
(5330446, 181287, 533, 0, 0, 2, 1, 3156.22, -2963.77, 271.041, 3.14159, 0.0, 0.0, -1.0, 0.0, 604800, 100, 1, '', 0),
(5330445, 181287, 533, 0, 0, 2, 1, 3166.93, -3007.22, 270.408, 0.0, 0.0, 0.0, 0.0, 1.0, 604800, 100, 1, '', 0),
(5330444, 181287, 533, 0, 0, 2, 1, 3254.56, -3009.36, 298.265, 0.0349062, 0.0, 0.0, 0.0174522, 0.999848, 604800, 100, 1, '', 0),
(5330443, 181287, 533, 0, 0, 2, 1, 3334.26, -3040.61, 298.125, 2.37364, 0.0, 0.0, 0.927183, 0.374608, 604800, 100, 1, '', 0),
(5330442, 181287, 533, 0, 0, 2, 1, 3156.22, -3007.15, 270.466, 3.10665, 0.0, 0.0, 0.999847, 0.0174693, 604800, 100, 1, '', 0),
(5330441, 181287, 533, 0, 0, 2, 1, 3243.76, -3008.71, 298.083, 3.14159, 0.0, 0.0, -1.0, 0.0, 604800, 100, 1, '', 0),
(5330440, 181287, 533, 0, 0, 2, 1, 3243.76, -2963.55, 297.977, 3.14159, 0.0, 0.0, -1.0, 0.0, 604800, 100, 1, '', 0),
(5330432, 181287, 533, 0, 0, 2, 1, 3416.93, -2924.5, 313.646, 5.53269, 0.0, 0.0, -0.366501, 0.930418, 604800, 100, 1, '', 0),
(5330431, 181287, 533, 0, 0, 2, 1, 3516.1, -3022.03, 313.752, 2.37364, 0.0, 0.0, 0.927183, 0.374608, 604800, 100, 1, '', 0),
(5330430, 181287, 533, 0, 0, 2, 1, 3440.38, -2901.05, 313.888, 5.51524, 0.0, 0.0, -0.374606, 0.927184, 604800, 100, 1, '', 0),
(5330429, 181287, 533, 0, 0, 2, 1, 3343.97, -3141.59, 300.261, 2.77507, 0.0, 0.0, 0.983254, 0.182238, 604800, 100, 1, '', 0),
(5330428, 181287, 533, 0, 0, 2, 1, 3337.19, -3201.46, 299.871, 3.15906, 0.0, 0.0, -0.999962, 0.00873464, 604800, 100, 1, '', 0),
(5330427, 181287, 533, 0, 0, 2, 1, 3260.09, -3200.51, 301.307, 0.837757, 0.0, 0.0, 0.406736, 0.913546, 604800, 100, 1, '', 0),
(5330426, 181287, 533, 0, 0, 2, 1, 3310.23, -3209.14, 299.966, 1.53589, 0.0, 0.0, 0.694658, 0.71934, 604800, 100, 1, '', 0),
(5330425, 181287, 533, 0, 0, 2, 1, 3294.19, -3098.07, 300.411, 5.11382, 0.0, 0.0, -0.551936, 0.833886, 604800, 100, 1, '', 0),
(5330424, 181287, 533, 0, 0, 2, 1, 3231.03, -3145.4, 300.419, 6.26573, 0.0, 0.0, -0.00872612, 0.999962, 604800, 100, 1, '', 0),
(5330423, 181287, 533, 0, 0, 2, 1, 3239.83, -3102.96, 299.532, 4.76475, 0.0, 0.0, -0.688354, 0.725374, 604800, 100, 1, '', 0),
(5330422, 181287, 533, 0, 0, 2, 1, 3325.56, -3091.36, 299.644, 3.94445, 0.0, 0.0, -0.920505, 0.390732, 604800, 100, 1, '', 0),
(5330421, 181287, 533, 0, 0, 2, 1, 3235.43, -3175.96, 300.545, 0.785397, 0.0, 0.0, 0.382683, 0.92388, 604800, 100, 1, '', 0),
(5330420, 181287, 533, 0, 0, 2, 1, 3349.23, -3115.05, 299.882, 3.94445, 0.0, 0.0, -0.920505, 0.390732, 604800, 100, 1, '', 0),
(5330416, 181287, 533, 0, 0, 2, 1, 3262.19, -3365.04, 296.434, 1.65806, 0.0, 0.0, 0.737277, 0.675591, 604800, 100, 1, '', 0),
(5330415, 181287, 533, 0, 0, 2, 1, 3217.54, -3256.48, 296.251, 4.66003, 0.0, 0.0, -0.725374, 0.688355, 604800, 100, 1, '', 0),
(5330414, 181287, 533, 0, 0, 2, 1, 3209.32, -3376.95, 295.183, 1.6057, 0.0, 0.0, 0.719339, 0.694659, 604800, 100, 1, '', 0),
(5330413, 181287, 533, 0, 0, 2, 1, 3291.95, -3365.12, 295.712, 1.43117, 0.0, 0.0, 0.656058, 0.75471, 604800, 100, 1, '', 0),
(5330412, 181287, 533, 0, 0, 2, 1, 3272.69, -3256.38, 296.297, 4.7473, 0.0, 0.0, -0.694658, 0.71934, 604800, 100, 1, '', 0),
(5330411, 181287, 533, 0, 0, 2, 1, 3354.0, -3311.42, 295.918, 3.17653, 0.0, 0.0, -0.999847, 0.0174693, 604800, 100, 1, '', 0),
(5330410, 181287, 533, 0, 0, 2, 1, 3238.44, -3256.44, 296.878, 4.72984, 0.0, 0.0, -0.700909, 0.713251, 604800, 100, 1, '', 0),
(5330404, 181287, 533, 0, 0, 2, 1, 3030.64, -3088.66, 295.943, 5.39307, 0.0, 0.0, -0.430511, 0.902586, 604800, 100, 1, '', 0),
(5330403, 181287, 533, 0, 0, 2, 1, 3070.69, -3060.77, 296.538, 5.13127, 0.0, 0.0, -0.544639, 0.838671, 604800, 100, 1, '', 0),
(5330402, 181287, 533, 0, 0, 2, 1, 3134.84, -3111.73, 296.046, 3.08918, 0.0, 0.0, 0.999657, 0.0262016, 604800, 100, 1, '', 0),
(5330401, 181287, 533, 0, 0, 2, 1, 3133.98, -3081.41, 295.788, 3.28124, 0.0, 0.0, -0.997563, 0.0697661, 604800, 100, 1, '', 0),
(5330400, 181287, 533, 0, 0, 2, 1, 3004.56, -3116.67, 295.862, 5.84685, 0.0, 0.0, -0.216439, 0.976296, 604800, 100, 1, '', 0),
(5330396, 181287, 533, 0, 0, 2, 1, 2534.07, -3673.03, 297.744, 1.5708, 0.0, 0.0, 0.707107, 0.707107, 604800, 100, 1, '', 0),
(5330395, 181287, 533, 0, 0, 2, 1, 2579.06, -3795.72, 297.584, 2.33874, 0.0, 0.0, 0.920505, 0.390732, 604800, 100, 1, '', 0),
(5330394, 181287, 533, 0, 0, 2, 1, 2577.11, -3596.2, 270.465, 4.72984, 0.0, 0.0, -0.700909, 0.713251, 604800, 100, 1, '', 0),
(5330393, 181287, 533, 0, 0, 2, 1, 2611.22, -3763.56, 297.585, 2.33874, 0.0, 0.0, 0.920505, 0.390732, 604800, 100, 1, '', 0),
(5330392, 181287, 533, 0, 0, 2, 1, 2535.51, -3683.78, 297.495, 4.67748, 0.0, 0.0, -0.719339, 0.694659, 604800, 100, 1, '', 0),
(5330391, 181287, 533, 0, 0, 2, 1, 2578.57, -3585.44, 270.532, 1.53589, 0.0, 0.0, 0.694658, 0.71934, 604800, 100, 1, '', 0),
(5330390, 181287, 533, 0, 0, 2, 1, 2579.41, -3683.78, 297.596, 4.69494, 0.0, 0.0, -0.71325, 0.70091, 604800, 100, 1, '', 0),
(5330385, 181287, 533, 0, 0, 2, 1, 2766.28, -3905.53, 297.383, 0.0, 0.0, 0.0, 0.0, 1.0, 604800, 100, 1, '', 0),
(5330384, 181287, 533, 0, 0, 2, 1, 2645.26, -3858.63, 296.864, 5.46288, 0.0, 0.0, -0.398748, 0.91706, 604800, 100, 1, '', 0),
(5330383, 181287, 533, 0, 0, 2, 1, 2755.53, -3860.9, 298.147, 3.12412, 0.0, 0.0, 0.999962, 0.00873464, 604800, 100, 1, '', 0),
(5330382, 181287, 533, 0, 0, 2, 1, 2637.66, -3851.02, 297.7, 2.40855, 0.0, 0.0, 0.93358, 0.358368, 604800, 100, 1, '', 0),
(5330381, 181287, 533, 0, 0, 2, 1, 2675.73, -3828.16, 297.674, 5.49779, 0.0, 0.0, -0.382683, 0.92388, 604800, 100, 1, '', 0),
(5330380, 181287, 533, 0, 0, 2, 1, 2668.62, -3820.06, 297.702, 2.37364, 0.0, 0.0, 0.927183, 0.374608, 604800, 100, 1, '', 0),
(5330376, 181287, 533, 0, 0, 2, 1, 2888.6, -3957.09, 275.524, 5.34071, 0.0, 0.0, -0.45399, 0.891007, 604800, 100, 1, '', 0),
(5330375, 181287, 533, 0, 0, 2, 1, 2925.2, -4041.45, 275.654, 1.90241, 0.0, 0.0, 0.814116, 0.580703, 604800, 100, 1, '', 0),
(5330374, 181287, 533, 0, 0, 2, 1, 2861.64, -3984.12, 275.077, 6.02139, 0.0, 0.0, -0.130526, 0.991445, 604800, 100, 1, '', 0),
(5330373, 181287, 533, 0, 0, 2, 1, 2869.52, -4020.8, 275.707, 0.541051, 0.0, 0.0, 0.267238, 0.963631, 604800, 100, 1, '', 0),
(5330372, 181287, 533, 0, 0, 2, 1, 2925.51, -3949.61, 275.517, 4.38078, 0.0, 0.0, -0.814116, 0.580703, 604800, 100, 1, '', 0),
(5330371, 181287, 533, 0, 0, 2, 1, 2952.02, -3977.35, 274.988, 3.927, 0.0, 0.0, -0.923879, 0.382686, 604800, 100, 1, '', 0),
(5330370, 181287, 533, 0, 0, 2, 1, 2893.35, -4041.45, 274.809, 1.22173, 0.0, 0.0, 0.573576, 0.819152, 604800, 100, 1, '', 0),
(5330367, 181287, 533, 0, 0, 2, 1, 2727.85, -3679.01, 275.309, 6.23083, 0.0, 0.0, -0.0261765, 0.999657, 604800, 100, 1, '', 0),
(5330366, 181287, 533, 0, 0, 2, 1, 2734.94, -3660.31, 275.164, 5.48033, 0.0, 0.0, -0.390731, 0.920505, 604800, 100, 1, '', 0),
(5330365, 181287, 533, 0, 0, 2, 1, 2793.47, -3645.76, 274.88, 3.99681, 0.0, 0.0, -0.909961, 0.414694, 604800, 100, 1, '', 0),
(5330364, 181287, 533, 0, 0, 2, 1, 2812.14, -3664.16, 274.684, 3.97935, 0.0, 0.0, -0.913545, 0.406738, 604800, 100, 1, '', 0),
(5330363, 181287, 533, 0, 0, 2, 1, 2751.81, -3727.05, 274.773, 0.802851, 0.0, 0.0, 0.390731, 0.920505, 604800, 100, 1, '', 0),
(5330362, 181287, 533, 0, 0, 2, 1, 2790.21, -3727.97, 274.925, 2.44346, 0.0, 0.0, 0.939692, 0.34202, 604800, 100, 1, '', 0),
(5330361, 181287, 533, 0, 0, 2, 1, 2813.58, -3703.97, 275.578, 2.49582, 0.0, 0.0, 0.948323, 0.317306, 604800, 100, 1, '', 0),
(5330360, 181287, 533, 0, 0, 2, 1, 2754.61, -3641.24, 274.503, 4.72984, 0.0, 0.0, -0.700909, 0.713251, 604800, 100, 1, '', 0),
(5330355, 181287, 533, 0, 0, 2, 1, 2653.39, -3551.61, 263.881, 1.64061, 0.0, 0.0, 0.731353, 0.681999, 604800, 100, 1, '', 0),
(5330354, 181287, 533, 0, 0, 2, 1, 2639.67, -3494.81, 263.271, 0.087266, 0.0, 0.0, 0.0436192, 0.999048, 604800, 100, 1, '', 0),
(5330353, 181287, 533, 0, 0, 2, 1, 2693.59, -3455.14, 263.699, 4.69494, 0.0, 0.0, -0.71325, 0.70091, 604800, 100, 1, '', 0),
(5330352, 181287, 533, 0, 0, 2, 1, 2639.68, -3510.72, 263.052, 0.0, 0.0, 0.0, 0.0, 1.0, 604800, 100, 1, '', 0),
(5330351, 181287, 533, 0, 0, 2, 1, 2722.43, -3455.17, 263.251, 4.72984, 0.0, 0.0, -0.700909, 0.713251, 604800, 100, 1, '', 0),
(5330350, 181287, 533, 0, 0, 2, 1, 2712.87, -3551.62, 263.063, 1.55334, 0.0, 0.0, 0.700909, 0.713251, 604800, 100, 1, '', 0),
(5330346, 181287, 533, 0, 0, 2, 1, 3341.95, -3820.65, 297.335, 0.837757, 0.0, 0.0, 0.406736, 0.913546, 604800, 100, 1, '', 0),
(5330345, 181287, 533, 0, 0, 2, 1, 3166.87, -3904.34, 271.091, 0.0, 0.0, 0.0, 0.0, 1.0, 604800, 100, 1, '', 0),
(5330453, 181287, 533, 0, 0, 2, 1, 3429.71, -3074.22, 297.616, 5.55015, 0.0, 0.0, -0.358368, 0.93358, 604800, 100, 1, '', 0),
(5330452, 181287, 533, 0, 0, 2, 1, 3431.5, -3272.49, 270.195, 1.5708, 0.0, 0.0, 0.707107, 0.707107, 604800, 100, 1, '', 0),
(5330451, 181287, 533, 0, 0, 2, 1, 3431.17, -3184.86, 297.859, 1.55334, 0.0, 0.0, 0.700909, 0.713251, 604800, 100, 1, '', 0),
(5330344, 181287, 533, 0, 0, 2, 1, 3156.12, -3903.78, 270.958, 3.14159, 0.0, 0.0, -1.0, 0.0, 604800, 100, 1, '', 0),
(5330343, 181287, 533, 0, 0, 2, 1, 3156.12, -3860.38, 270.901, 3.17653, 0.0, 0.0, -0.999847, 0.0174693, 604800, 100, 1, '', 0),
(5330342, 181287, 533, 0, 0, 2, 1, 3166.87, -3860.77, 271.062, 0.0, 0.0, 0.0, 0.0, 1.0, 604800, 100, 1, '', 0),
(5330341, 181287, 533, 0, 0, 2, 1, 3254.46, -3860.0, 297.65, 0.0, 0.0, 0.0, 0.0, 1.0, 604800, 100, 1, '', 0),
(5330340, 181287, 533, 0, 0, 2, 1, 3243.7, -3906.62, 297.851, 3.15906, 0.0, 0.0, -0.999962, 0.00873464, 604800, 100, 1, '', 0),
(5330336, 181287, 533, 0, 0, 2, 1, 3477.5, -3596.25, 271.347, 4.76475, 0.0, 0.0, -0.688354, 0.725374, 604800, 100, 1, '', 0),
(5330335, 181287, 533, 0, 0, 2, 1, 3430.95, -3596.25, 270.809, 4.76475, 0.0, 0.0, -0.688354, 0.725374, 604800, 100, 1, '', 0),
(5330334, 181287, 533, 0, 0, 2, 1, 3429.4, -3794.21, 298.379, 0.785397, 0.0, 0.0, 0.382683, 0.92388, 604800, 100, 1, '', 0),
(5330333, 181287, 533, 0, 0, 2, 1, 3475.25, -3673.08, 297.206, 1.55334, 0.0, 0.0, 0.700909, 0.713251, 604800, 100, 1, '', 0),
(5330332, 181287, 533, 0, 0, 2, 1, 3475.76, -3585.5, 270.247, 1.53589, 0.0, 0.0, 0.694658, 0.71934, 604800, 100, 1, '', 0),
(5330331, 181287, 533, 0, 0, 2, 1, 3475.87, -3683.84, 298.079, 4.72984, 0.0, 0.0, -0.700909, 0.713251, 604800, 100, 1, '', 0),
(5330330, 181287, 533, 0, 0, 2, 1, 3432.27, -3683.84, 298.252, 4.72984, 0.0, 0.0, -0.700909, 0.713251, 604800, 100, 1, '', 0),
(5330326, 181287, 533, 0, 0, 2, 1, 3540.13, -3939.25, 311.449, 2.16421, 0.0, 0.0, 0.882947, 0.469473, 604800, 100, 1, '', 0),
(5330325, 181287, 533, 0, 0, 2, 1, 3468.27, -3842.58, 309.842, 5.39307, 0.0, 0.0, -0.430511, 0.902586, 604800, 100, 1, '', 0),
(5330324, 181287, 533, 0, 0, 2, 1, 3555.52, -3863.91, 298.811, 3.59538, 0.0, 0.0, -0.97437, 0.224951, 604800, 100, 1, '', 0),
(5330323, 181287, 533, 0, 0, 2, 1, 3523.83, -3836.26, 303.563, 4.36332, 0.0, 0.0, -0.819152, 0.573577, 604800, 100, 1, '', 0),
(5330322, 181287, 533, 0, 0, 2, 1, 3468.85, -3942.8, 308.034, 0.977383, 0.0, 0.0, 0.469471, 0.882948, 604800, 100, 1, '', 0),
(5330321, 181287, 533, 0, 0, 2, 1, 3442.84, -3903.16, 309.609, 0.226892, 0.0, 0.0, 0.113203, 0.993572, 604800, 100, 1, '', 0),
(5330320, 181287, 533, 0, 0, 2, 1, 3558.18, -3914.61, 304.42, 2.68781, 0.0, 0.0, 0.97437, 0.224951, 604800, 100, 1, '', 0),
(5330316, 181287, 533, 0, 0, 2, 1, 3311.65, -3673.9, 262.284, 6.0912, 0.0, 0.0, -0.0958452, 0.995396, 604800, 100, 1, '', 0),
(5330315, 181287, 533, 0, 0, 2, 1, 3345.64, -3711.01, 262.596, 1.5708, 0.0, 0.0, 0.707107, 0.707107, 604800, 100, 1, '', 0),
(5330314, 181287, 533, 0, 0, 2, 1, 3396.45, -3679.86, 261.582, 3.3685, 0.0, 0.0, -0.993571, 0.113208, 604800, 100, 1, '', 0),
(5330313, 181287, 533, 0, 0, 2, 1, 3383.49, -3631.96, 260.801, 3.4383, 0.0, 0.0, -0.989016, 0.147811, 604800, 100, 1, '', 0),
(5330312, 181287, 533, 0, 0, 2, 1, 3383.0, -3710.67, 261.945, 1.69297, 0.0, 0.0, 0.748956, 0.66262, 604800, 100, 1, '', 0),
(5330311, 181287, 533, 0, 0, 2, 1, 3333.51, -3599.68, 262.448, 5.3058, 0.0, 0.0, -0.469471, 0.882948, 604800, 100, 1, '', 0),
(5330310, 181287, 533, 0, 0, 2, 1, 3322.82, -3632.23, 260.805, 6.12611, 0.0, 0.0, -0.0784588, 0.996917, 604800, 100, 1, '', 0),
(5330307, 181287, 533, 0, 0, 2, 1, 3276.74, -3421.71, 288.405, 4.57276, 0.0, 0.0, -0.754709, 0.656059, 604800, 100, 1, '', 0),
(5330306, 181287, 533, 0, 0, 2, 1, 3275.86, -3530.56, 288.421, 1.88495, 0.0, 0.0, 0.809016, 0.587786, 604800, 100, 1, '', 0),
(5330305, 181287, 533, 0, 0, 2, 1, 3236.94, -3516.27, 288.1, 1.02974, 0.0, 0.0, 0.492423, 0.870356, 604800, 100, 1, '', 0),
(5330304, 181287, 533, 0, 0, 2, 1, 3333.69, -3462.84, 288.247, 4.67748, 0.0, 0.0, -0.719339, 0.694659, 604800, 100, 1, '', 0),
(5330303, 181287, 533, 0, 0, 2, 1, 3311.35, -3516.08, 288.574, 1.90241, 0.0, 0.0, 0.814116, 0.580703, 604800, 100, 1, '', 0),
(5330302, 181287, 533, 0, 0, 2, 1, 3233.28, -3512.47, 288.327, 0.610863, 0.0, 0.0, 0.300705, 0.953717, 604800, 100, 1, '', 0),
(5330301, 181287, 533, 0, 0, 2, 1, 3237.8, -3435.47, 288.58, 5.42797, 0.0, 0.0, -0.414693, 0.909961, 604800, 100, 1, '', 0),
(5330300, 181287, 533, 0, 0, 2, 1, 3233.85, -3439.01, 288.469, 5.70723, 0.0, 0.0, -0.284015, 0.95882, 604800, 100, 1, '', 0),
(5330454, 181287, 533, 0, 0, 2, 1, 3398.94, -3104.99, 297.927, 5.53269, 0.0, 0.0, -0.366501, 0.930418, 604800, 100, 1, '', 0),
(5330455, 181287, 533, 0, 0, 2, 1, 3476.48, -3283.2, 270.716, 4.76475, 0.0, 0.0, -0.688354, 0.725374, 604800, 100, 1, '', 0),
(5330456, 181287, 533, 0, 0, 2, 1, 3475.9, -3184.91, 297.691, 1.5708, 0.0, 0.0, 0.707107, 0.707107, 604800, 100, 1, '', 0),
(5330457, 181287, 533, 0, 0, 2, 1, 3363.88, -3011.0, 298.441, 2.33874, 0.0, 0.0, 0.920505, 0.390732, 604800, 100, 1, '', 0),
(5330460, 181287, 533, 0, 0, 2, 1, 2800.19, -3084.99, 270.163, 3.14159, 0.0, 0.0, -1.0, 0.0, 604800, 100, 1, '', 0),
(5330461, 181287, 533, 0, 0, 2, 1, 2800.21, -3113.43, 270.135, 3.26377, 0.0, 0.0, -0.998135, 0.0610518, 604800, 100, 1, '', 0),
(5330462, 181287, 533, 0, 0, 2, 1, 2784.2, -3067.59, 270.159, 4.27606, 0.0, 0.0, -0.843391, 0.5373, 604800, 100, 1, '', 0),
(5330463, 181287, 533, 0, 0, 2, 1, 2756.09, -3067.31, 270.317, 5.11382, 0.0, 0.0, -0.551936, 0.833886, 604800, 100, 1, '', 0),
(5330464, 181287, 533, 0, 0, 2, 1, 2744.3, -3122.74, 270.313, 0.750491, 0.0, 0.0, 0.366501, 0.930418, 604800, 100, 1, '', 0),
(5330465, 181287, 533, 0, 0, 2, 1, 2784.01, -3131.33, 270.06, 1.98967, 0.0, 0.0, 0.83867, 0.54464, 604800, 100, 1, '', 0),
(5330470, 181287, 533, 0, 0, 2, 1, 2634.05, -3386.86, 270.203, 6.21337, 0.0, 0.0, -0.0348988, 0.999391, 604800, 100, 1, '', 0),
(5330471, 181287, 533, 0, 0, 2, 1, 2749.94, -3367.39, 269.874, 3.14159, 0.0, 0.0, -1.0, 0.0, 604800, 100, 1, '', 0),
(5330472, 181287, 533, 0, 0, 2, 1, 2652.49, -3433.82, 270.61, 1.39626, 0.0, 0.0, 0.642787, 0.766045, 604800, 100, 1, '', 0),
(5330473, 181287, 533, 0, 0, 2, 1, 2732.03, -3433.68, 270.316, 1.78023, 0.0, 0.0, 0.777145, 0.629321, 604800, 100, 1, '', 0),
(5330474, 181287, 533, 0, 0, 2, 1, 2634.06, -3366.51, 270.017, 0.0, 0.0, 0.0, 0.0, 1.0, 604800, 100, 1, '', 0),
(5330475, 181287, 533, 0, 0, 2, 1, 2702.76, -3434.9, 270.325, 1.6057, 0.0, 0.0, 0.719339, 0.694659, 604800, 100, 1, '', 0),
(5330476, 181287, 533, 0, 0, 2, 1, 2749.92, -3409.18, 269.94, 3.10665, 0.0, 0.0, 0.999847, 0.0174693, 604800, 100, 1, '', 0),
(5330477, 181287, 533, 0, 0, 2, 1, 2679.82, -3434.91, 270.059, 1.5708, 0.0, 0.0, 0.707107, 0.707107, 604800, 100, 1, '', 0),
(5330480, 181287, 533, 0, 0, 2, 1, 2465.86, -2911.24, 244.093, 5.63741, 0.0, 0.0, -0.317305, 0.948324, 604800, 100, 1, '', 0),
(5330481, 181287, 533, 0, 0, 2, 1, 2502.24, -3028.31, 243.712, 0.785397, 0.0, 0.0, 0.382683, 0.92388, 604800, 100, 1, '', 0),
(5330482, 181287, 533, 0, 0, 2, 1, 2496.91, -2881.18, 243.587, 5.37562, 0.0, 0.0, -0.438371, 0.898794, 604800, 100, 1, '', 0),
(5330483, 181287, 533, 0, 0, 2, 1, 2621.74, -2954.45, 243.049, 3.9619, 0.0, 0.0, -0.91706, 0.39875, 604800, 100, 1, '', 0),
(5330484, 181287, 533, 0, 0, 2, 1, 2453.56, -2977.35, 244.228, 0.785397, 0.0, 0.0, 0.382683, 0.92388, 604800, 100, 1, '', 0),
(5330485, 181287, 533, 0, 0, 2, 1, 2548.51, -2883.65, 244.188, 3.927, 0.0, 0.0, -0.923879, 0.382686, 604800, 100, 1, '', 0),
(5330486, 181287, 533, 0, 0, 2, 1, 2602.19, -2935.06, 243.96, 3.927, 0.0, 0.0, -0.923879, 0.382686, 604800, 100, 1, '', 0),
(5330487, 181287, 533, 0, 0, 2, 1, 2451.68, -2926.42, 243.533, 5.67232, 0.0, 0.0, -0.300705, 0.953717, 604800, 100, 1, '', 0),
(5330490, 181287, 533, 0, 0, 2, 1, 2533.32, -3184.85, 243.705, 1.64061, 0.0, 0.0, 0.731353, 0.681999, 604800, 100, 1, '', 0),
(5330491, 181287, 533, 0, 0, 2, 1, 2534.0, -3272.43, 270.528, 1.5708, 0.0, 0.0, 0.707107, 0.707107, 604800, 100, 1, '', 0),
(5330492, 181287, 533, 0, 0, 2, 1, 2620.65, -3099.32, 243.887, 0.785397, 0.0, 0.0, 0.382683, 0.92388, 604800, 100, 1, '', 0),
(5330493, 181287, 533, 0, 0, 2, 1, 2578.55, -3272.43, 271.059, 1.5708, 0.0, 0.0, 0.707107, 0.707107, 604800, 100, 1, '', 0),
(5330494, 181287, 533, 0, 0, 2, 1, 2612.69, -3106.58, 243.4, 3.97935, 0.0, 0.0, -0.913545, 0.406738, 604800, 100, 1, '', 0),
(5330495, 181287, 533, 0, 0, 2, 1, 2579.2, -3195.61, 243.923, 4.76475, 0.0, 0.0, -0.688354, 0.725374, 604800, 100, 1, '', 0),
(5330496, 181287, 533, 0, 0, 2, 1, 2534.56, -3283.19, 270.664, 4.7473, 0.0, 0.0, -0.694658, 0.71934, 604800, 100, 1, '', 0),
(5330500, 181287, 533, 0, 0, 2, 1, 2853.92, -3008.43, 271.274, 6.26573, 0.0, 0.0, -0.00872612, 0.999962, 604800, 100, 1, '', 0),
(5330501, 181287, 533, 0, 0, 2, 1, 2755.58, -2962.93, 243.544, 3.194, 0.0, 0.0, -0.999657, 0.0262016, 604800, 100, 1, '', 0),
(5330502, 181287, 533, 0, 0, 2, 1, 2843.17, -3006.81, 270.595, 3.14159, 0.0, 0.0, -1.0, 0.0, 604800, 100, 1, '', 0),
(5330503, 181287, 533, 0, 0, 2, 1, 2755.58, -3006.16, 244.187, 3.14159, 0.0, 0.0, -1.0, 0.0, 604800, 100, 1, '', 0),
(5330504, 181287, 533, 0, 0, 2, 1, 2843.17, -2963.52, 270.986, 3.14159, 0.0, 0.0, -1.0, 0.0, 604800, 100, 1, '', 0),
(5330505, 181287, 533, 0, 0, 2, 1, 2678.04, -3042.79, 244.451, 0.890117, 0.0, 0.0, 0.430511, 0.902586, 604800, 100, 1, '', 0),
(5330506, 181287, 533, 0, 0, 2, 1, 2853.92, -2964.26, 271.17, 0.0698117, 0.0, 0.0, 0.0348988, 0.999391, 604800, 100, 1, '', 0),
(5330507, 181287, 533, 0, 0, 2, 1, 2766.34, -3007.52, 243.285, 0.104719, 0.0, 0.0, 0.0523357, 0.99863, 604800, 100, 1, '', 0),
(5330508, 181287, 533, 0, 0, 2, 1, 2635.7, -3015.73, 243.351, 3.90954, 0.0, 0.0, -0.927183, 0.374608, 604800, 100, 1, '', 0);

DELETE FROM `pool_template` WHERE `entry` BETWEEN 47850 AND 47870;
INSERT INTO `pool_template`
(`entry`, `max_limit`, `description`)
VALUES
(47850, 1, 'Naxxramas - Frozen Rune - Anub''Rekhan (181287)'),
(47851, 1, 'Naxxramas - Frozen Rune - Grand Widow Faerlina (181287)'),
(47852, 1, 'Naxxramas - Frozen Rune - Maexxna (181287)'),
(47853, 1, 'Naxxramas - Frozen Rune - Spider Wing, left (181287)'),
(47854, 1, 'Naxxramas - Frozen Rune - Spider Wing, right (181287)'),
(47855, 1, 'Naxxramas - Frozen Rune - Noth the Plaguebringer (181287)'),
(47856, 1, 'Naxxramas - Frozen Rune - Heigan (181287)'),
(47857, 1, 'Naxxramas - Frozen Rune - Loatheb (181287)'),
(47858, 1, 'Naxxramas - Frozen Rune - Plague Wing, left (181287)'),
(47859, 1, 'Naxxramas - Frozen Rune - Plague Wing, right (181287)'),
(47860, 1, 'Naxxramas - Frozen Rune - Patchwerk (181287)'),
(47861, 1, 'Naxxramas - Frozen Rune - Grobbulus (181287)'),
(47862, 1, 'Naxxramas - Frozen Rune - Gluth (181287)'),
(47863, 1, 'Naxxramas - Frozen Rune - Thaddius (181287)'),
(47864, 1, 'Naxxramas - Frozen Rune - Abom Wing, left (181287)'),
(47865, 1, 'Naxxramas - Frozen Rune - Abom Wing, right (181287)'),
(47866, 1, 'Naxxramas - Frozen Rune - Instructor Razuvious (181287)'),
(47867, 1, 'Naxxramas - Frozen Rune - Gothik (181287)'),
(47868, 1, 'Naxxramas - Frozen Rune - Four Horsemen (181287)'),
(47869, 1, 'Naxxramas - Frozen Rune - Deathknight Wing, left (181287)'),
(47870, 1, 'Naxxramas - Frozen Rune - Deathknight Wing, right (181287)');

-- Only spawn Frozen Rune in Naxx40
UPDATE `gameobject` SET `spawnMask` = 4 WHERE `id` = 181287;
