SET @CGUID   := 653000;
SET @OGUID   := 653000;
SET @WPID    := 6530000;

-- Dusty Tomes
DELETE FROM `gameobject` WHERE `id` = 179548;
INSERT INTO `gameobject` (`guid`, `id`, `map`, `zoneId`, `areaId`, `spawnMask`, `phaseMask`, `position_x`, `position_y`, `position_z`, `orientation`, 
`rotation0`, `rotation1`, `rotation2`, `rotation3`, `spawntimesecs`, `animprogress`, `state`, `ScriptName`, `VerifiedBuild`, `Comment`) VALUES
--
(@OGUID+1, 179548, 429, 0, 0, 1, 1, 4.36356, -436.696, 16.4123, 0.995107, 0, 0, 0.477277, 0.878753, 7200, 255, 1, '', 0, NULL),
(@OGUID+2, 179548, 429, 0, 0, 1, 1, -144.107, 742.185, -24.5802, 5.42981, 0, 0, 0.41386, -0.910341, 7200, 255, 1, '', 0, NULL),
(@OGUID+3, 179548, 429, 0, 0, 1, 1, 512.784, 588.036, -25.4023, 3.28124, 0, 0, -0.997563, 0.0697661, 7200, 255, 1, '', 0, NULL),
(@OGUID+4, 179548, 429, 0, 0, 1, 1, -108.174, -208.762, -56.0361, 5.85044, 0, 0, 0.214688, -0.976683, 7200, 255, 1, '', 0, NULL),
(@OGUID+5, 179548, 429, 0, 0, 1, 1, -8.62444, -351.419, -53.8242, 3.01908, 0, 0, 0.998124, 0.0612191, 7200, 255, 1, '', 0, NULL),
(@OGUID+6, 179548, 429, 0, 0, 1, 1, 837.458, 493.936, 37.3182, 3.81369, 0, 0, 0.944066, -0.329757, 7200, 255, 1, '', 0, NULL),
(@OGUID+7, 179548, 429, 0, 0, 1, 1, -81.1221, 368.843, -2.37102, 3.29414, 0, 0, 0.997092, -0.076201, 7200, 255, 1, '', 0, NULL),
(@OGUID+8, 179548, 429, 0, 0, 1, 1, 118.018, -261.472, -4.14639, 0.087266, 0, 0, 0.0436192, 0.999048, 7200, 255, 1, '', 0, NULL),
(@OGUID+9, 179548, 429, 0, 0, 1, 1, 287.941, 341.455, 2.85298, 4.28258, 0, 0, 0.841636, -0.540046, 7200, 255, 1, '', 0, NULL),
(@OGUID+10, 179548, 429, 0, 0, 1, 1, 285.164, -431.063, -119.962, -1.58825, 0, 0, 0, 1, 7200, 255, 1, '', 0, NULL),
(@OGUID+11, 179548, 429, 0, 0, 1, 1, -86.3983, 569.308, 28.6079, 1.78023, 0, 0, 0, 1, 7200, 255, 1, '', 0, NULL);

DELETE FROM `pool_gameobject` WHERE `pool_entry` IN (601019);
INSERT INTO `pool_gameobject` (`guid`, `pool_entry`, `chance`, `description`) VALUES 
(@OGUID+1,  601019, 0, 'A Dusty Tome'),
(@OGUID+2,  601019, 0, 'A Dusty Tome'),
(@OGUID+3,  601019, 0, 'A Dusty Tome'),
(@OGUID+4,  601019, 0, 'A Dusty Tome'),
(@OGUID+5,  601019, 0, 'A Dusty Tome'),
(@OGUID+6,  601019, 0, 'A Dusty Tome'),
(@OGUID+7,  601019, 0, 'A Dusty Tome'),
(@OGUID+8,  601019, 0, 'A Dusty Tome'),
(@OGUID+9,  601019, 0, 'A Dusty Tome'),
(@OGUID+10, 601019, 0, 'A Dusty Tome'),
(@OGUID+11, 601019, 0, 'A Dusty Tome');

DELETE FROM `pool_template` WHERE `entry` IN (601019);
INSERT INTO `pool_template` (`entry`, `max_limit`, `description`) VALUES 
(601019, 1, 'A Dusty Tome - Dire Maul');

-- fix quest POI and Quest Completion Logs
UPDATE `quest_poi` SET `WorldMapAreaId` = 121 WHERE `id` = 0 AND `QuestID` IN (5518, 5519, 7461, 7463, 7483, 7484, 7485, 7507, 7508, 7509, 7649, 7650, 7651, 7703, 7877);
UPDATE `quest_poi_points` SET `X` = -4474, `Y` = 1333 WHERE `Idx1` = 0 AND `QuestID` IN (5518, 5519, 7461, 7463, 7507, 7508, 7509, 7649, 7650, 7651, 7703, 7877);

DELETE FROM `quest_poi_points` WHERE `Idx1` = 0 AND `QuestID` IN (7483, 7484, 7485);
INSERT INTO `quest_poi_points` (`QuestID`, `Idx1`, `Idx2`, `X`, `Y`, `VerifiedBuild`) VALUES
(7483, 0, 0, -4474, 1333, 0),
(7484, 0, 0, -4474, 1333, 0),
(7485, 0, 0, -4474, 1333, 0);

DELETE FROM `quest_poi` WHERE `id` = 0 AND `QuestID` IN (7483, 7484, 7485);
INSERT INTO `quest_poi` (`QuestID`, `id`, `ObjectiveIndex`, `MapID`, `WorldMapAreaId`, `Floor`, `Priority`, `Flags`, `VerifiedBuild`) VALUES 
(7483, 0, -1, 1, 121, 0, 0, 1, 0),
(7484, 0, -1, 1, 121, 0, 0, 1, 0),
(7485, 0, -1, 1, 121, 0, 0, 1, 0);

UPDATE `quest_template` SET `QuestCompletionLog` = 'Return to Knot Thimblejack in Dire Maul.'  WHERE `ID` IN (5518, 5519);
UPDATE `quest_template` SET `QuestCompletionLog` = 'Return to Lorekeeper Lydros in Dire Maul.' WHERE `ID` IN (7463, 7483, 7484, 7485, 7507, 7508, 7509, 7649, 7650, 7651);
UPDATE `quest_template` SET `QuestCompletionLog` = 'Return to Captain Kromcrush in Dire Maul.' WHERE `ID` IN (7703);
UPDATE `quest_template` SET `QuestCompletionLog` = 'Return to the Athenaeum in Dire Maul.'     WHERE `ID` IN (7877);


/* ---- Dire Maul North ----- */

/* smart scripts */
UPDATE `creature_template` SET `AIName` = 'SmartAI' WHERE `entry` IN 
(11441, 11444, 11445, 11448, 11450, 11501, 11859, 13036, 13160, 14321, 14322, 14323, 14326);
DELETE FROM `smart_scripts` WHERE `source_type` = 0 AND `entryorguid` IN 
(11441, 11444, 11445, 11448, 11450, 11501, 11859, 13036, 13160, 14321, 14322, 14323, 14326);

INSERT INTO `smart_scripts` (`entryorguid`, `source_type`, `id`, `link`, `event_type`, `event_phase_mask`, `event_chance`, `event_flags`, 
`event_param1`, `event_param2`, `event_param3`, `event_param4`, `event_param5`, `event_param6`, 
`action_type`, `action_param1`, `action_param2`, `action_param3`, `action_param4`, `action_param5`, `action_param6`, 
`target_type`, `target_param1`, `target_param2`, `target_param3`, `target_param4`, `target_x`, `target_y`, `target_z`, `target_o`, `comment`) VALUES 
--
(11441, 0, 0, 0, 4, 0, 10, 0, 0, 0, 0, 0, 0, 0, 1, 0, 0, 0, 0, 0, 0, 7, 0, 0, 0, 0, 0, 0, 0, 0,                             'Gordok Brute - On Aggro - Say Line 0'),
(11441, 0, 1, 0, 0, 0, 100, 0, 8900, 17900, 6200, 16400, 0, 0, 11, 18072, 0, 0, 0, 0, 0, 21, 10, 0, 0, 0, 0, 0, 0, 0,       'Gordok Brute - Within 0-10 Range - Cast Uppercut'),
(11441, 0, 2, 0, 9, 0, 100, 0, 0, 0, 14000, 21000, 0, 5, 11, 22572, 0, 0, 0, 0, 0, 2, 0, 0, 0, 0, 0, 0, 0, 0,               'Gordok Brute - Within 0-5 Range - Cast Bruising Blow'),
(11441, 0, 3, 0, 0, 0, 100, 0, 8000, 17000, 14000, 21000, 0, 0, 11, 6253, 0, 0, 0, 0, 0, 5, 5, 0, 0, 0, 0, 0, 0, 0,         'Gordok Brute - Within 0-5 Range - Cast Backhand'),
(11441, 0, 4, 0, 105, 0, 50, 0, 0, 0, 10000, 20000, 0, 5, 11, 15615, 0, 0, 0, 0, 0, 7, 0, 0, 0, 0, 0, 0, 0, 0,              'Gordok Brute - Target Casting - Cast Pummel'),
(11441, 0, 5, 6, 2, 0, 100, 1, 0, 30, 0, 0, 0, 0, 11, 15716, 0, 0, 0, 0, 0, 1, 0, 0, 0, 0, 0, 0, 0, 0,                      'Gordok Brute - Between 0-30% Health - Cast Enrage'),
(11441, 0, 6, 0, 61, 0, 100, 0, 0, 0, 0, 0, 0, 0, 1, 1, 0, 0, 0, 0, 0, 1, 0, 0, 0, 0, 0, 0, 0, 0,                           'Gordok Brute - On Enrage - Say Line 1'),
(11441, 0, 7, 0, 1, 0, 100, 0, 4000, 15000, 20000, 40000, 0, 0, 10, 1, 11, 25, 6, 21, 0, 1, 0, 0, 0, 0, 0, 0, 0, 0,         'Gordok Brute - Out of Combat - Play Random Emote'),
--
(11444, 0, 0, 0, 4, 0, 10, 0, 0, 0, 0, 0, 0, 0, 1, 0, 0, 0, 0, 0, 0, 7, 0, 0, 0, 0, 0, 0, 0, 0,                             'Gordok Mage-Lord - On Aggro - Say Line 0'),
(11444, 0, 1, 0, 0, 0, 100, 0, 0, 0, 2000, 2000, 0, 0, 11, 15530, 64, 0, 0, 0, 0, 2, 0, 0, 0, 0, 0, 0, 0, 0,                'Gordok Mage-Lord - In Combat - Cast Frostbolt'),
(11444, 0, 2, 0, 0, 0, 100, 0, 7000, 14000, 12000, 15000, 0, 0, 11, 14145, 0, 0, 0, 0, 0, 2, 0, 0, 0, 0, 0, 0, 0, 0,        'Gordok Mage-Lord - In Combat - Cast Fire Blast'),
(11444, 0, 3, 0, 0, 0, 100, 0, 12000, 17000, 19000, 25000, 0, 0, 11, 16102, 0, 0, 0, 0, 0, 5, 30, 0, 0, 0, 0, 0, 0, 0,      'Gordok Mage-Lord - In Combat - Cast Flamestrike'),
(11444, 0, 4, 0, 0, 0, 100, 0, 7000, 9000, 16000, 20000, 0, 0, 11, 13323, 32, 0, 0, 0, 0, 6, 30, 0, 0, 0, 0, 0, 0, 0,       'Gordok Mage-Lord - In Combat - Cast Polymorph'),
(11444, 0, 5, 0, 2, 0, 100, 1, 0, 30, 0, 0, 0, 0, 11, 16170, 0, 0, 0, 0, 0, 1, 0, 0, 0, 0, 0, 0, 0, 0,                      'Gordok Mage-Lord - Between 0-30% Health - Cast Bloodlust'),
(11444, 0, 6, 0, 61, 0, 100, 0, 0, 0, 0, 0, 0, 0, 1, 1, 0, 0, 0, 0, 0, 1, 0, 0, 0, 0, 0, 0, 0, 0,                           'Gordok Mage-Lord - On Bloodlust - Say Line 1'),
(11444, 0, 7, 0, 1, 0, 100, 0, 4000, 15000, 20000, 40000, 0, 0, 10, 1, 11, 25, 6, 21, 0, 1, 0, 0, 0, 0, 0, 0, 0, 0,         'Gordok Mage-Lord - Out of Combat - Play Random Emote'),
--
(11445, 0, 0, 0, 4, 0, 10, 0, 0, 0, 0, 0, 0, 0, 1, 0, 0, 0, 0, 0, 0, 7, 0, 0, 0, 0, 0, 0, 0, 0,                             'Gordok Captain - On Aggro - Say Line 0'),
(11445, 0, 1, 0, 0, 0, 100, 0, 4000, 9000, 6000, 16000, 0, 0, 11, 22574, 0, 0, 0, 0, 0, 21, 10, 0, 0, 0, 0, 0, 0, 0,        'Gordok Captain - Within 0-10 Range - Cast Dark Strike'),
(11445, 0, 2, 0, 0, 0, 100, 0, 8000, 9000, 11000, 20000, 0, 0, 11, 16244, 0, 0, 0, 0, 0, 1, 0, 0, 0, 0, 0, 0, 0, 0,         'Gordok Captain - In Combat - Cast Demoralizing Shout'),
(11445, 0, 3, 0, 0, 0, 100, 0, 3000, 5000, 7000, 9000, 0, 0, 11, 22575, 0, 0, 0, 0, 0, 2, 0, 0, 0, 0, 0, 0, 0, 0,           'Gordok Captain - In Combat - Cast Shadow Shock'),
(11445, 0, 4, 0, 0, 0, 100, 0, 1000, 11000, 17000, 25000, 0, 0, 11, 12096, 0, 0, 0, 0, 0, 6, 20, 0, 0, 0, 0, 0, 0, 0,       'Gordok Captain - In Combat - Cast Fear'),
(11445, 0, 5, 0, 1, 0, 100, 0, 4000, 15000, 20000, 40000, 0, 0, 10, 1, 11, 25, 6, 21, 0, 1, 0, 0, 0, 0, 0, 0, 0, 0,         'Gordok Captain - Out of Combat - Play Random Emote'),
--
(11448, 0, 0, 0, 4, 0, 10, 0, 0, 0, 0, 0, 0, 0, 1, 0, 0, 0, 0, 0, 0, 7, 0, 0, 0, 0, 0, 0, 0, 0,                             'Gordok Warlock - On Aggro - Say Line 0'),
(11448, 0, 1, 0, 1, 0, 100, 1, 1000, 3000, 0, 0, 0, 0, 11, 22865, 0, 0, 0, 0, 0, 1, 0, 0, 0, 0, 0, 0, 0, 0,                 'Gordok Warlock - Out of Combat - Cast Summon Doomguard'),
(11448, 0, 2, 0, 1, 0, 100, 0, 1000, 1000, 600000, 600000, 0, 0, 11, 13787, 2, 0, 0, 0, 0, 1, 0, 0, 0, 0, 0, 0, 0, 0,       'Gordok Warlock - Out of Combat - Cast Demon Armor'),
(11448, 0, 3, 4, 1, 0, 100, 1, 10000, 10000, 0, 0, 0, 0, 11, 21157, 0, 0, 0, 0, 0, 1, 0, 0, 0, 0, 0, 0, 0, 0,               'Gordok Warlock - Out of Combat - Cast Dark Channeling'),
(11448, 0, 4, 0, 61, 0, 100, 0, 0, 0, 0, 0, 0, 0, 17, 193, 0, 0, 0, 0, 0, 1, 0, 0, 0, 0, 0, 0, 0, 0,                        'Gordok Warlock - Out of Combat - Set Emotestate'),
(11448, 0, 5, 0, 0, 0, 100, 0, 0, 0, 2000, 2000, 0, 0, 11, 15232, 64, 0, 0, 0, 0, 2, 0, 0, 0, 0, 0, 0, 0, 0,                'Gordok Warlock - In Combat - Cast Shadow Bolt'),
(11448, 0, 6, 0, 0, 0, 100, 0, 9000, 15000, 26000, 30000, 0, 0, 11, 17883, 0, 0, 0, 0, 0, 5, 30, 0, 0, 0, 0, 0, 0, 0,       'Gordok Warlock - In Combat - Cast Immolate'),
(11448, 0, 7, 0, 0, 0, 100, 0, 7000, 15000, 20000, 26000, 0, 0, 11, 8994, 32, 0, 0, 0, 0, 6, 30, 0, 0, 0, 0, 0, 0, 0,       'Gordok Warlock - In Combat - Cast Banish'),
(11448, 0, 8, 0, 0, 0, 100, 0, 5000, 9000, 20000, 25000, 0, 0, 11, 13338, 288, 0, 0, 0, 0, 5, 30, 0, 0, 0, 0, 0, 0, 0,      'Gordok Warlock - In Combat - Cast Curse of Tongues'),
--
(11450, 0, 0, 0, 4, 0, 20, 0, 0, 0, 0, 0, 0, 0, 1, 0, 0, 0, 0, 0, 0, 7, 0, 0, 0, 0, 0, 0, 0, 0,                             'Gordok Reaver - On Aggro - Say Line 0'),
(11450, 0, 1, 0, 0, 0, 100, 0, 13800, 19200, 8100, 17800, 0, 0, 11, 15284, 0, 0, 0, 0, 0, 21, 5, 0, 0, 0, 0, 0, 0, 0,       'Gordok Reaver - Within 0-5 Range - Cast Cleave'),
(11450, 0, 2, 0, 0, 0, 100, 0, 9500, 14500, 14500, 23100, 0, 0, 11, 13737, 0, 0, 0, 0, 0, 21, 5, 0, 0, 0, 0, 0, 0, 0,       'Gordok Reaver - Within 0-5 Range - Cast Mortal Strike'),
(11450, 0, 3, 0, 9, 0, 100, 0, 0, 0, 7200, 9600, 0, 5, 11, 16145, 0, 0, 0, 0, 0, 2, 0, 0, 0, 0, 0, 0, 0, 0,                 'Gordok Reaver - Within 0-5 Range - Cast Sunder Armor'),
(11450, 0, 4, 0, 1, 0, 100, 0, 4000, 15000, 20000, 40000, 0, 0, 10, 1, 11, 25, 6, 21, 0, 1, 0, 0, 0, 0, 0, 0, 0, 0,         'Gordok Reaver - Out of Combat - Play Random Emote'),
--
(11501, 0, 0, 0, 9, 0, 100, 0, 0, 0, 10000, 10000, 5, 40, 11, 22886, 0, 0, 0, 0, 0, 2, 0, 0, 0, 0, 0, 0, 0, 0,              'King Gordok - Within 5-40 Range - Cast Berserker Charge'),
(11501, 0, 1, 0, 0, 0, 100, 0, 5000, 7000, 9000, 14000, 0, 0, 11, 15708, 0, 0, 0, 0, 0, 21, 5, 0, 0, 0, 0, 0, 0, 0,         'King Gordok - Within 0-5 Range - Cast Mortal Strike'),
(11501, 0, 2, 0, 9, 0, 100, 0, 0, 0, 7000, 12000, 0, 5, 11, 15572, 0, 0, 0, 0, 0, 2, 0, 0, 0, 0, 0, 0, 0, 0,                'King Gordok - Within 0-5 Range - Cast Sunder Armor'),
(11501, 0, 3, 0, 0, 0, 100, 0, 12000, 15000, 17000, 24000, 0, 0, 11, 16727, 0, 0, 0, 0, 0, 1, 0, 0, 0, 0, 0, 0, 0, 0,       'King Gordok - In Combat - Cast War Stomp'),
(11501, 0, 4, 0, 4, 0, 100, 0, 0, 0, 0, 0, 0, 0, 1, 0, 0, 0, 0, 0, 0, 7, 0, 0, 0, 0, 0, 0, 0, 0,                            'King Gordok - On Aggro - Say Line 0'),
(11501, 0, 5, 6, 6, 0, 100, 512, 0, 0, 0, 0, 0, 0, 45, 1, 1, 0, 0, 0, 0, 19, 14324, 100, 0, 0, 0, 0, 0, 0,                  'King Gordok - On Death - Set Data'),
(11501, 0, 6, 7, 61, 0, 100, 512, 0, 0, 0, 0, 0, 0, 34, 3, 3, 0, 0, 0, 0, 1, 0, 0, 0, 0, 0, 0, 0, 0,                        'King Gordok - On Death - Set Instance Data 3 to 3'),
(11501, 0, 7, 0, 61, 0, 100, 512, 0, 0, 0, 0, 0, 0, 12, 14353, 8, 0, 0, 0, 0, 8, 0, 0, 0, 0, 711.46, 479.36, 28.18, 0,      'King Gordok - On Death - Summon Creature'),
(11501, 0, 8, 0, 4, 0, 100, 0, 0, 0, 0, 0, 0, 0, 38, 0, 0, 0, 0, 0, 0, 1, 0, 0, 0, 0, 0, 0, 0, 0,                           'King Gordok - On Aggro - Call For Help'),
--
(11859, 0, 0, 0, 9, 0, 100, 0, 0, 0, 30000, 30000, 0, 30, 11, 89, 32, 0, 0, 0, 0, 2, 0, 0, 0, 0, 0, 0, 0, 0,                'Doomguard Minion - In Combat - Cast Cripple'),
(11859, 0, 1, 0, 0, 0, 100, 0, 12000, 15000, 20000, 25000, 0, 0, 11, 16727, 0, 0, 0, 0, 0, 1, 0, 0, 0, 0, 0, 0, 0, 0,       'Doomguard Minion - In Combat - Cast War Stomp'),
(11859, 0, 2, 0, 0, 0, 100, 0, 1000, 10000, 15000, 30000, 0, 0, 11, 21949, 0, 0, 0, 0, 0, 2, 0, 0, 0, 0, 0, 0, 0, 0,        'Doomguard Minion - In Combat - Cast Rend'),
(11859, 0, 3, 0, 0, 0, 100, 0, 5000, 8000, 18000, 24000, 0, 0, 11, 16005, 0, 0, 0, 0, 0, 5, 30, 0, 0, 0, 0, 0, 0, 0,        'Doomguard Minion - In Combat - Cast Rain of Fire'),
(11859, 0, 4, 0, 0, 0, 100, 0, 7000, 14000, 17000, 22000, 0, 0, 11, 15090, 0, 0, 0, 0, 0, 2, 0, 0, 0, 0, 0, 0, 0, 0,        'Doomguard Minion - In Combat - Cast Dispel Magic'),
--
(13036, 0, 0, 0, 0, 0, 100, 0, 4000, 8000, 3000, 8000, 0, 0, 11, 13738, 32, 0, 0, 0, 0, 5, 5, 0, 0, 0, 0, 0, 0, 0,          'Gordok Mastiff - Within 0-5 Range - Cast Rend'),
(13036, 0, 1, 0, 9, 0, 100, 0, 0, 0, 21100, 21800, 0, 5, 11, 3604, 32, 0, 0, 0, 0, 2, 0, 0, 0, 0, 0, 0, 0, 0,               'Gordok Mastiff - Within 0-5 Range - Cast Tendon Rip'),
(13160, 0, 0, 0, 9, 0, 100, 0, 0, 0, 9050, 17500, 0, 5, 11, 5416, 32, 0, 0, 0, 0, 2, 0, 0, 0, 0, 0, 0, 0, 0,                'Carrion Swarmer - Within 0-5 Range - Cast Venom Sting'),
--
(14321, 0, 0, 0, 9, 0, 100, 0, 0, 0, 10000, 10000, 8, 25, 11, 15749, 0, 0, 0, 0, 0, 2, 0, 0, 0, 0, 0, 0, 0, 0,              'Guard Fengus - Within 8-25 Range - Cast Shield Charge'),
(14321, 0, 1, 0, 105, 0, 50, 0, 0, 0, 9000, 12000, 0, 5, 11, 11972, 0, 0, 0, 0, 0, 7, 0, 0, 0, 0, 0, 0, 0, 0,               'Guard Fengus - Target Casting - Cast Shield Bash'),
(14321, 0, 2, 0, 0, 0, 100, 0, 5000, 8000, 8000, 12000, 0, 0, 11, 15580, 0, 0, 0, 0, 0, 21, 5, 0, 0, 0, 0, 0, 0, 0,         'Guard Fengus - Within 0-5 Range - Cast Strike'),
(14321, 0, 3, 0, 0, 0, 100, 0, 7000, 12000, 12000, 15000, 0, 0, 11, 10101, 0, 0, 0, 0, 0, 21, 10, 0, 0, 0, 0, 0, 0, 0,      'Guard Fengus - Within 0-10 Range - Cast Knock Away'),
(14321, 0, 4, 5, 2, 0, 100, 1, 0, 30, 0, 0, 0, 0, 11, 8269, 0, 0, 0, 0, 0, 1, 0, 0, 0, 0, 0, 0, 0, 0,                       'Guard Fengus - Between Health 0-30% - Cast Frenzy'),
(14321, 0, 5, 6, 61, 0, 100, 0, 0, 0, 0, 0, 0, 0, 1, 0, 0, 0, 0, 0, 0, 1, 0, 0, 0, 0, 0, 0, 0, 0,                           'Guard Fengus - On Frenzy - Say Line 0'),
(14321, 0, 6, 0, 61, 0, 100, 0, 0, 0, 0, 0, 0, 0, 39, 40, 0, 0, 0, 0, 0, 1, 0, 0, 0, 0, 0, 0, 0, 0,                         'Guard Fengus - On Frenzy - Call For Help'),
(14321, 0, 7, 0, 6, 0, 100, 512, 0, 0, 0, 0, 0, 0, 34, 4, 1, 0, 0, 0, 0, 1, 0, 0, 0, 0, 0, 0, 0, 0,                         'Guard Fengus - On Death - Set Instance Data 4 to 1'),
(14321, 0, 8, 0, 62, 0, 100, 0, 5734, 0, 0, 0, 0, 0, 11, 22817, 0, 0, 0, 0, 0, 7, 0, 0, 0, 0, 0, 0, 0, 0,                   'Guard Fengus - On Gossip Select - Cast Fengus\' Ferocity'),
--
(14322, 0, 0, 0, 1, 0, 100, 0, 1000, 1000, 20000, 20000, 0, 0, 88, 1432200, 1432202, 0, 0, 0, 0, 1, 0, 0, 0, 0, 0, 0, 0, 0, 'Stomper Kreeg - Out of Combat - Random Range Script9'),
(14322, 0, 1, 0, 0, 0, 100, 0, 7000, 12000, 15000, 22000, 0, 0, 11, 22833, 0, 0, 0, 0, 0, 1, 0, 0, 0, 0, 0, 0, 0, 0,        'Stomper Kreeg - In Combat - Cast Booze Spit'), -- test!
(14322, 0, 2, 0, 0, 0, 100, 0, 12000, 15000, 12000, 16000, 0, 0, 11, 16740, 0, 0, 0, 0, 0, 1, 0, 0, 0, 0, 0, 0, 0, 0,       'Stomper Kreeg - In Combat - Cast War Stomp'),
(14322, 0, 3, 0, 0, 0, 100, 0, 2000, 6000, 7000, 10000, 0, 0, 11, 15577, 0, 0, 0, 0, 0, 1, 0, 0, 0, 0, 0, 0, 0, 0,          'Stomper Kreeg - In Combat - Cast Whirlwind'),
(14322, 0, 4, 5, 2, 0, 100, 1, 0, 50, 0, 0, 0, 0, 11, 22835, 0, 0, 0, 0, 0, 1, 0, 0, 0, 0, 0, 0, 0, 0,                      'Stomper Kreeg - Between Health 0-50% - Cast Drunken Rage'),
(14322, 0, 5, 6, 61, 0, 100, 0, 0, 0, 0, 0, 0, 0, 1, 0, 0, 0, 0, 0, 0, 1, 0, 0, 0, 0, 0, 0, 0, 0,                           'Stomper Kreeg - Between Health 0-50% - Say Line 0'),
(14322, 0, 6, 0, 61, 0, 100, 512, 0, 0, 0, 0, 0, 0, 11, 8269, 2, 0, 0, 0, 0, 1, 0, 0, 0, 0, 0, 0, 0, 0,                     'Stomper Kreeg - Between Health 0-50% - Cast Frenzy'),
(14322, 0, 7, 0, 62, 0, 100, 512, 5721, 0, 0, 0, 0, 0, 72, 0, 0, 0, 0, 0, 0, 7, 0, 0, 0, 0, 0, 0, 0, 0,                     'Stomper Kreeg - On Gossip Select - Close Gossip'),
--
(14323, 0, 0, 0, 9, 0, 100, 0, 0, 0, 10000, 10000, 8, 25, 11, 15749, 0, 0, 0, 0, 0, 2, 0, 0, 0, 0, 0, 0, 0, 0,              'Guard Slip\'kik - Within 8-25 Range - Cast Shield Charge'),
(14323, 0, 1, 0, 105, 0, 50, 0, 0, 0, 9000, 12000, 0, 5, 11, 11972, 0, 0, 0, 0, 0, 7, 0, 0, 0, 0, 0, 0, 0, 0,               'Guard Slip\'kik - Target Casting - Cast Shield Bash'),
(14323, 0, 2, 0, 0, 0, 100, 0, 5000, 8000, 8000, 12000, 0, 0, 11, 15580, 0, 0, 0, 0, 0, 21, 5, 0, 0, 0, 0, 0, 0, 0,         'Guard Slip\'kik - Within 0-5 Range - Cast Strike'),
(14323, 0, 3, 4, 2, 0, 100, 1, 0, 30, 0, 0, 0, 0, 11, 8269, 0, 0, 0, 0, 0, 1, 0, 0, 0, 0, 0, 0, 0, 0,                       'Guard Slip\'kik - Between Health 0-30% - Cast Frenzy'),
(14323, 0, 4, 5, 61, 0, 100, 0, 0, 0, 0, 0, 0, 0, 1, 0, 0, 0, 0, 0, 0, 1, 0, 0, 0, 0, 0, 0, 0, 0,                           'Guard Slip\'kik - On Frenzy - Say Line 0'),
(14323, 0, 5, 0, 61, 0, 100, 0, 0, 0, 0, 0, 0, 0, 39, 40, 0, 0, 0, 0, 0, 1, 0, 0, 0, 0, 0, 0, 0, 0,                         'Guard Slip\'kik - On Frenzy - Call For Help'),
(14323, 0, 6, 0, 25, 0, 100, 512, 0, 0, 0, 0, 0, 0, 211, 0, 0, 0, 0, 0, 0, 1, 0, 0, 0, 0, 0, 0, 0, 0,                       'Guard Slip\'kik - On Reset - Set No Event Flag Reset'),
(14323, 0, 7, 0, 38, 0, 100, 512, 1, 1, 0, 0, 0, 0, 22, 1, 0, 0, 0, 0, 0, 1, 0, 0, 0, 0, 0, 0, 0, 0,                        'Guard Slip\'kik - On Data Set - Set Event Phase'),
(14323, 0, 8, 9, 34, 1, 100, 512, 2, 16, 0, 0, 0, 0, 18, 768, 0, 0, 0, 0, 0, 1, 0, 0, 0, 0, 0, 0, 0, 0,                     'Guard Slip\'kik - On Movement Inform - Set Unit Flags'),
(14323, 0, 9, 10, 61, 0, 100, 512, 0, 0, 0, 0, 0, 0, 8, 0, 0, 0, 0, 0, 0, 1, 0, 0, 0, 0, 0, 0, 0, 0,                        'Guard Slip\'kik - On Movement Inform - Set React Passive'),
(14323, 0, 10, 11, 61, 0, 100, 512, 0, 0, 0, 0, 0, 0, 41, 0, 0, 0, 0, 0, 0, 20, 179512, 50, 0, 0, 0, 0, 0, 0,               'Guard Slip\'kik - On Movement Inform - Remove Trap'),
(14323, 0, 11, 12, 61, 0, 100, 512, 0, 0, 0, 0, 0, 0, 1, 1, 0, 0, 0, 0, 0, 1, 0, 0, 0, 0, 0, 0, 0, 0,                       'Guard Slip\'kik - On Movement Inform - Say Line 1'),
(14323, 0, 12, 0, 61, 0, 100, 512, 0, 0, 0, 0, 0, 0, 11, 22856, 2, 0, 0, 0, 0, 1, 0, 0, 0, 0, 0, 0, 0, 0,                   'Guard Slip\'kik - On Movement Inform - Cast Ice Lock'),
(14323, 0, 13, 0, 6, 0, 100, 512, 0, 0, 0, 0, 0, 0, 34, 4, 1, 0, 0, 0, 0, 1, 0, 0, 0, 0, 0, 0, 0, 0,                        'Guard Slip\'kik - On Death - Set Instance Data 4 to 1'),
(14323, 0, 14, 0, 62, 0, 100, 512, 5733, 0, 0, 0, 0, 0, 11, 22820, 2, 0, 0, 0, 0, 7, 0, 0, 0, 0, 0, 0, 0, 0,                'Guard Slip\'kik - On Gossip Select - Cast Slip\'kik\'s Savvy'),
--
(14326, 0, 0, 0, 9, 0, 100, 0, 0, 0, 10000, 10000, 8, 25, 11, 15749, 0, 0, 0, 0, 0, 2, 0, 0, 0, 0, 0, 0, 0, 0,              'Guard Mol\'dar - Within 8-25 Range - Cast Shield Charge'),
(14326, 0, 1, 0, 105, 0, 50, 0, 0, 0, 9000, 12000, 0, 5, 11, 11972, 0, 0, 0, 0, 0, 7, 0, 0, 0, 0, 0, 0, 0, 0,               'Guard Mol\'dar - Target Casting - Cast Shield Bash'),
(14326, 0, 2, 0, 0, 0, 100, 0, 5000, 8000, 8000, 12000, 0, 0, 11, 15580, 0, 0, 0, 0, 0, 21, 5, 0, 0, 0, 0, 0, 0, 0,         'Guard Mol\'dar - Within 0-5 Range - Cast Strike'),
(14326, 0, 3, 4, 2, 0, 100, 1, 0, 30, 0, 0, 0, 0, 11, 8269, 0, 0, 0, 0, 0, 1, 0, 0, 0, 0, 0, 0, 0, 0,                       'Guard Mol\'dar - Between Health 0-30% - Cast Frenzy'),
(14326, 0, 4, 5, 61, 0, 100, 0, 0, 0, 0, 0, 0, 0, 1, 0, 0, 0, 0, 0, 0, 1, 0, 0, 0, 0, 0, 0, 0, 0,                           'Guard Mol\'dar - On Frenzy - Say Line 0'),
(14326, 0, 5, 0, 61, 0, 100, 0, 0, 0, 0, 0, 0, 0, 39, 40, 0, 0, 0, 0, 0, 1, 0, 0, 0, 0, 0, 0, 0, 0,                         'Guard Mol\'dar - On Frenzy - Call For Help'),
(14326, 0, 6, 0, 6, 0, 100, 512, 0, 0, 0, 0, 0, 0, 34, 4, 1, 0, 0, 0, 0, 1, 0, 0, 0, 0, 0, 0, 0, 0,                         'Guard Mol\'dar - On Death - Set Instance Data 4 to 1'),
(14326, 0, 7, 0, 62, 0, 100, 0, 5735, 0, 0, 0, 0, 0, 11, 22818, 0, 0, 0, 0, 0, 7, 0, 0, 0, 0, 0, 0, 0, 0,                   'Guard Mol\'dar - On Gossip Select - Cast Mol\'dar\'s Moxie');

-- fix Captain Kromcrush
DELETE FROM `smart_scripts` WHERE `source_type` = 0 AND `entryorguid` IN (14325);
DELETE FROM `smart_scripts` WHERE `source_type` = 9 AND `entryorguid` IN (1432501, 1432502);
INSERT INTO `smart_scripts` (`entryorguid`, `source_type`, `id`, `link`, `event_type`, `event_phase_mask`, `event_chance`, `event_flags`, 
`event_param1`, `event_param2`, `event_param3`, `event_param4`, `event_param5`, `event_param6`, 
`action_type`, `action_param1`, `action_param2`, `action_param3`, `action_param4`, `action_param5`, `action_param6`, 
`target_type`, `target_param1`, `target_param2`, `target_param3`, `target_param4`, `target_x`, `target_y`, `target_z`, `target_o`, `comment`) VALUES 
--
(14325, 0, 0, 0, 4, 0, 100, 0, 0, 0, 0, 0, 0, 0, 1, 0, 0, 0, 0, 0, 0, 1, 0, 0, 0, 0, 0, 0, 0, 0,                       'Captain Kromcrush - On Aggro - Say Line 0'),
(14325, 0, 1, 0, 0, 0, 100, 0, 2000, 6000, 7000, 10000, 0, 0, 11, 22859, 0, 0, 0, 0, 0, 21, 5, 0, 0, 0, 0, 0, 0, 0,    'Captain Kromcrush - Within 0-5 Range - Cast Mortal Cleave'),
(14325, 0, 2, 0, 0, 0, 100, 0, 9000, 18000, 15000, 19000, 0, 0, 11, 19134, 1, 0, 0, 0, 0, 5, 10, 0, 0, 0, 0, 0, 0, 0,  'Captain Kromcrush - Within 0-10 Range - Cast Frightening Shout'),
(14325, 0, 3, 0, 2, 0, 100, 1, 0, 50, 0, 0, 0, 0, 80, 1432501, 2, 0, 0, 0, 0, 1, 0, 0, 0, 0, 0, 0, 0, 0,               'Captain Kromcrush - Between 0-50% Health - Run Script 1432501 (No Repeat)'), -- https://youtu.be/7S5oLks5y54?t=1526
(14325, 0, 4, 5, 0, 0, 100, 0, 12000, 15000, 19000, 25000, 0, 0, 11, 22857, 1, 0, 0, 0, 0, 1, 0, 0, 0, 0, 0, 0, 0, 0,  'Captain Kromcrush - In Combat - Cast Retaliation'),
(14325, 0, 5, 0, 61, 0, 100, 0, 0, 0, 0, 0, 0, 0, 1, 2, 0, 0, 0, 0, 0, 1, 0, 0, 0, 0, 0, 0, 0, 0,                      'Captain Kromcrush - On Retaliation - Say Line 2'),
(14325, 0, 6, 0, 62, 0, 100, 512, 5738, 0, 0, 0, 0, 0, 80, 1432502, 2, 0, 0, 0, 0, 1, 0, 0, 0, 0, 0, 0, 0, 0,          'Captain Kromcrush - On Gossip Option Selected - Run Script 1432502'),
(14325, 0, 7, 0, 40, 0, 100, 0, 69, 14325, 0, 0, 0, 0, 1, 4, 0, 0, 0, 0, 0, 1, 0, 0, 0, 0, 0, 0, 0, 0,                 'Captain Kromcrush - On Reached WP69 - Say Line 4'),
(14325, 0, 8, 9, 40, 0, 100, 512, 76, 14325, 0, 0, 0, 0, 81, 1, 0, 0, 0, 0, 0, 1, 0, 0, 0, 0, 0, 0, 0, 0,              'Captain Kromcrush - On Reached WP76 - Set Npc Flags'),
(14325, 0, 9, 0, 61, 0, 100, 512, 0, 0, 0, 0, 0, 0, 19, 768, 0, 0, 0, 0, 0, 1, 0, 0, 0, 0, 0, 0, 0, 0,                 'Captain Kromcrush - On Reached WP76 - Set Remove Flags'),
(14325, 0, 10, 0, 59, 0, 100, 512, 1, 0, 0, 0, 0, 0, 53, 1, 14325, 0, 0, 0, 0, 1, 0, 0, 0, 0, 0, 0, 0, 0,              'Captain Kromcrush - On Timed Event - Start WP'),
(14325, 0, 11, 0, 60, 0, 100, 769, 5000, 5000, 5000, 5000, 0, 0, 2, 45, 0, 0, 0, 0, 0, 1, 0, 0, 0, 0, 0, 0, 0, 0,      'Captain Kromcrush - On Update - Set Faction'),
(14325, 0, 12, 0, 60, 0, 100, 512, 5000, 5000, 5000, 5000, 0, 0, 81, 3, 0, 0, 0, 0, 0, 1, 0, 0, 0, 0, 0, 0, 0, 0,      'Captain Kromcrush - On Update - Set Npc Flags'),
(14325, 0, 13, 0, 25, 0, 100, 769, 0, 0, 0, 0, 0, 0, 81, 1, 0, 0, 0, 0, 0, 1, 0, 0, 0, 0, 0, 0, 0, 0,                  'Captain Kromcrush - On Reset - Set Npc Flags'),
(14325, 0, 14, 0, 6, 0, 100, 512, 0, 0, 0, 0, 0, 0, 34, 4, 1, 0, 0, 0, 0, 1, 0, 0, 0, 0, 0, 0, 0, 0,                   'Captain Kromcrush - On Death - Set Instance Data 4 to 1'),
--
(1432501, 9, 0, 0, 0, 0, 100, 0, 0, 0, 0, 0, 0, 0, 12, 11450, 6, 60000, 0, 0, 0, 6, 40, 1, 0, 0, 0, 0, 0, 0,           'Script9 - Captain Kromcrush - Summon Reaver'),
(1432501, 9, 1, 0, 0, 0, 100, 0, 0, 0, 0, 0, 0, 0, 12, 11450, 6, 60000, 0, 0, 0, 6, 40, 1, 0, 0, 0, 0, 0, 0,           'Script9 - Captain Kromcrush - Summon Reaver'),
(1432501, 9, 2, 0, 0, 0, 100, 0, 0, 0, 0, 0, 0, 0, 1, 1, 0, 0, 0, 0, 0, 1, 0, 0, 0, 0, 0, 0, 0, 0,                     'Script9 - Captain Kromcrush - Say Line 1'),
--
(1432502, 9, 0, 0, 0, 0, 100, 0, 0, 0, 0, 0, 0, 0, 72, 0, 0, 0, 0, 0, 0, 7, 0, 0, 0, 0, 0, 0, 0, 0,                    'Script9 - Captain Kromcrush - Close Gossip'),
(1432502, 9, 1, 0, 0, 0, 100, 0, 0, 0, 0, 0, 0, 0, 1, 3, 0, 0, 0, 0, 0, 1, 0, 0, 0, 0, 0, 0, 0, 0,                     'Script9 - Captain Kromcrush - Say Line 3'),
(1432502, 9, 2, 0, 0, 0, 100, 0, 0, 0, 0, 0, 0, 0, 18, 768, 0, 0, 0, 0, 0, 1, 0, 0, 0, 0, 0, 0, 0, 0,                  'Script9 - Captain Kromcrush - Set Unit Flags'),
(1432502, 9, 3, 0, 0, 0, 100, 0, 0, 0, 0, 0, 0, 0, 8, 0, 0, 0, 0, 0, 0, 1, 0, 0, 0, 0, 0, 0, 0, 0,                     'Script9 - Captain Kromcrush - Set React Passive'),
(1432502, 9, 4, 0, 0, 0, 100, 0, 0, 0, 0, 0, 0, 0, 48, 1, 0, 0, 0, 0, 0, 1, 0, 0, 0, 0, 0, 0, 0, 0,                    'Script9 - Captain Kromcrush - Set Active'),
(1432502, 9, 5, 0, 0, 0, 100, 0, 0, 0, 0, 0, 0, 0, 81, 0, 0, 0, 0, 0, 0, 1, 0, 0, 0, 0, 0, 0, 0, 0,                    'Script9 - Captain Kromcrush - Set Npc Flags'),
(1432502, 9, 6, 0, 0, 0, 100, 0, 0, 0, 0, 0, 0, 0, 11, 8599, 0, 0, 0, 0, 0, 1, 0, 0, 0, 0, 0, 0, 0, 0,                 'Script9 - Captain Kromcrush - Cast Enrage'),
(1432502, 9, 7, 0, 0, 0, 100, 0, 0, 0, 0, 0, 0, 0, 67, 1, 2500, 2500, 0, 0, 100, 1, 0, 0, 0, 0, 0, 0, 0, 0,            'Script9 - Captain Kromcrush - Create Timed Event');

-- fix 3 Gordok Mastiff patrols
DELETE FROM `creature` WHERE `guid` IN 
(248093, 248094, 248095, 248096, 248097, 248098, 248099, 248100, 248101, 248106, 248107, 248108, 248131, 248132, 
248135, 248136, 248137, 248138, 248145, 248146, 248147, 248155, 248163, 248164, 248171, 248176, 248179, 248180, 248186); -- 248155, 248186, 248101 (not used anymore)

INSERT INTO `creature` (`guid`, `id1`, `map`, `zoneId`, `areaId`, `spawnMask`, `phaseMask`, `equipment_id`, `position_x`, `position_y`, `position_z`, `orientation`, 
`spawntimesecs`, `wander_distance`, `currentwaypoint`, `curhealth`, `curmana`, `MovementType`, `npcflag`, `unit_flags`, `dynamicflags`, `ScriptName`, `VerifiedBuild`, `CreateObject`, `Comment`) VALUES
--
(248093, 13036, 429, 0, 0, 1, 1, 0, 346.936, -43.3005, -25.6162, 1.12652,  7200, 3, 0, 3758, 0, 1, 0, 0, 0, '', 0, 0, NULL),
(248094, 13036, 429, 0, 0, 1, 1, 0, 341.746, -30.117, -25.1938, 3.12414,   7200, 3, 0, 3758, 0, 1, 0, 0, 0, '', 0, 0, NULL),
(248095, 13036, 429, 0, 0, 1, 1, 0, 352.51, -40.1966, -25.5735, 1.49486,   7200, 3, 0, 3758, 0, 1, 0, 0, 0, '', 0, 0, NULL),
(248096, 13036, 429, 0, 0, 1, 1, 0, 349.138, -36.2457, -25.3775, 0.750492, 7200, 3, 0, 3758, 0, 1, 0, 0, 0, '', 0, 0, NULL),
--
(248097, 13036, 429, 0, 0, 1, 1, 0, 335.31, -54.8641, -25.8178, 1.0472,    7200, 3, 0, 3758, 0, 1, 0, 0, 0, '', 0, 0, NULL),
(248098, 13036, 429, 0, 0, 1, 1, 0, 348.75, -69.83, -25.79, 0.51,          7200, 3, 0, 3758, 0, 1, 0, 0, 0, '', 0, 0, NULL),
(248099, 13036, 429, 0, 0, 1, 1, 0, 340.09, -71.9, -25.56, 1.28,           7200, 3, 0, 3758, 0, 1, 0, 0, 0, '', 0, 0, NULL),
(248100, 13036, 429, 0, 0, 1, 1, 0, 341.223, -61.7868, -25.4697, 2.46091,  7200, 3, 0, 3758, 0, 1, 0, 0, 0, '', 0, 0, NULL),
--
(248106, 13036, 429, 0, 0, 1, 1, 0, 371.896, -38.1052, -24.8836, 1.94734,  7200, 0, 1, 3758, 0, 2, 0, 0, 0, '', 0, 0, NULL), -- patrol 1
(248107, 13036, 429, 0, 0, 1, 1, 0, 371.063, -40.3972, -24.9856, 1.99446,  7200, 0, 0, 3758, 0, 0, 0, 0, 0, '', 0, 0, NULL),
(248108, 13036, 429, 0, 0, 1, 1, 0, 374.062, -39.0447, -24.8156, 1.96305,  7200, 0, 0, 3758, 0, 0, 0, 0, 0, '', 0, 0, NULL),
--
(248131, 13036, 429, 0, 0, 1, 1, 0, 377.503, -55.9295, -24.001, 1.90798,   7200, 3, 0, 3758, 0, 1, 0, 0, 0, '', 0, 0, NULL),
(248132, 13036, 429, 0, 0, 1, 1, 0, 383.881, -61.6908, -23.3481, 1.77446,  7200, 3, 0, 3758, 0, 1, 0, 0, 0, '', 0, 0, NULL),
(248163, 13036, 429, 0, 0, 1, 1, 0, 382.07, -52.9229, -23.7786, 1.77446,   7200, 3, 0, 3758, 0, 1, 0, 0, 0, '', 0, 0, NULL),
(248164, 13036, 429, 0, 0, 1, 1, 0, 387.03, -55.8076, -23.3126, 1.66293,   7200, 3, 0, 3758, 0, 1, 0, 0, 0, '', 0, 0, NULL),
--
(248135, 13036, 429, 0, 0, 1, 1, 0, 412.386, -46.1902, -22.9007, 2.1593,   7200, 0, 1, 3758, 0, 2, 0, 0, 0, '', 0, 0, NULL), -- patrol 2
(248136, 13036, 429, 0, 0, 1, 1, 0, 417.902, -49.2018, -23.5564, 2.02571,  7200, 0, 0, 3758, 0, 0, 0, 0, 0, '', 0, 0, NULL),
(248137, 13036, 429, 0, 0, 1, 1, 0, 413.741, -41.0225, -23.4027, 2.04142,  7200, 0, 0, 3758, 0, 0, 0, 0, 0, '', 0, 0, NULL),
(248138, 13036, 429, 0, 0, 1, 1, 0, 418.952, -43.809, -23.4354, 1.89691,   7200, 0, 0, 3758, 0, 0, 0, 0, 0, '', 0, 0, NULL),
--
(248145, 13036, 429, 0, 0, 1, 1, 0, 682.682, 454.001, 29.4598, 1.83,       7200, 0, 1, 3758, 0, 2, 0, 0, 0, '', 0, 0, NULL), -- patrol 3
(248146, 13036, 429, 0, 0, 1, 1, 0, 684.255, 457.807, 29.4601, 1.83,       7200, 0, 0, 3758, 0, 0, 0, 0, 0, '', 0, 0, NULL),
(248147, 13036, 429, 0, 0, 1, 1, 0, 688.389, 454.676, 29.4662, 1.83,       7200, 0, 0, 3758, 0, 0, 0, 0, 0, '', 0, 0, NULL),
--
(248171, 13036, 429, 0, 0, 1, 1, 0, 416.32, 16.09, -24.94, 3.09,           7200, 3, 0, 3758, 0, 1, 0, 0, 0, '', 0, 0, NULL),
(248176, 13036, 429, 0, 0, 1, 1, 0, 420.38, 22.55, -24.86, 2.52,           7200, 3, 0, 3758, 0, 1, 0, 0, 0, '', 0, 0, NULL),
(248179, 13036, 429, 0, 0, 1, 1, 0, 410.57, 24.82, -25.16, 2.22,           7200, 3, 0, 3758, 0, 1, 0, 0, 0, '', 0, 0, NULL),
(248180, 13036, 429, 0, 0, 1, 1, 0, 417.935, 27.8456, -25.04, 3.39019,     7200, 3, 0, 3758, 0, 1, 0, 0, 0, '', 0, 0, NULL);

DELETE FROM `creature_formations` WHERE `leaderGUID` IN (248106, 248135, 248145);
INSERT INTO `creature_formations` (`leaderGUID`, `memberGUID`, `dist`, `angle`, `groupAI`, `point_1`, `point_2`) VALUES
(248106, 248106, 0, 0, 515, 0, 0),
(248106, 248107, 3, 135, 515, 0, 0),
(248106, 248108, 3, 225, 515, 0, 0),
--
(248135, 248135, 0, 0, 515, 0, 0),
(248135, 248136, 3, 135, 515, 0, 0),
(248135, 248137, 3, 180, 515, 0, 0),
(248135, 248138, 3, 225, 515, 0, 0),
--
(248145, 248145, 0, 0, 515, 0, 0),
(248145, 248146, 3, 135, 515, 0, 0),
(248145, 248147, 3, 225, 515, 0, 0);

DELETE FROM `creature_addon` WHERE `guid` IN (248106, 248135, 248145);
INSERT INTO `creature_addon` (`guid`, `path_id`, `mount`, `bytes1`, `bytes2`, `emote`, `visibilityDistanceType`, `auras`) VALUES 
(248106, 2481060, 0, 0, 0, 0, 0, NULL),
(248135, 2481350, 0, 0, 0, 0, 0, NULL),
(248145, 2481450, 0, 0, 0, 0, 0, NULL);

DELETE FROM `waypoint_data` WHERE `id` IN (2481060, 2481350, 2481450);
INSERT INTO `waypoint_data` (`id`, `point`, `position_x`, `position_y`, `position_z`, `orientation`, `delay`, `move_type`, `action`, `action_chance`, `wpguid`) VALUES 
--
(2481060, 1, 366.174, -33.3632, -24.9979, 2.33611, 0, 0, 0, 100, 0),
(2481060, 2, 353.044, -10.6431, -24.9653, 2.52462, 0, 0, 0, 100, 0),
(2481060, 3, 351.73, 16.3237, -25.2353, 1.57821, 0, 0, 0, 100, 0),
(2481060, 4, 343.028, 31.84, -24.506, 1.40542, 0, 0, 0, 100, 0),
(2481060, 5, 344.117, 46.2305, -23.9658, 6.2631, 0, 0, 0, 100, 0),
(2481060, 6, 367.389, 48.1494, -23.876, 0.415812, 0, 0, 0, 100, 0),
(2481060, 7, 382.69, 63.3434, -23.9853, 6.0589, 0, 0, 0, 100, 0),
(2481060, 8, 405.163, 62.2175, -23.3792, 4.51167, 0, 0, 0, 100, 0),
(2481060, 9, 410.736, 50.7862, -24.0313, 4.68445, 0, 0, 0, 100, 0),
(2481060, 10, 401.575, 31.8479, -25.5185, 4.28783, 0, 0, 0, 100, 0),
(2481060, 11, 408.242, 1.93632, -24.7644, 5.04966, 0, 0, 0, 100, 0),
(2481060, 12, 411.491, -8.79946, -24.6695, 4.11504, 0, 0, 0, 100, 0),
(2481060, 13, 386.29, -42.438, -23.9386, 4.06398, 0, 0, 0, 100, 0),
(2481060, 14, 370.876, -44.8283, -25.0187, 1.84131, 0, 0, 0, 100, 0),
--
(2481350, 1, 398.075, -52.6088, -23.0886, 3.39624, 3000, 0, 0, 100, 0),
(2481350, 2, 362.997, -56.5913, -25.4052, 2.60142, 0, 0, 0, 100, 0),
(2481350, 3, 354.394, -22.2673, -25.2042, 1.6825, 0, 0, 0, 100, 0),
(2481350, 4, 352.021, 19.0141, -25.3396, 2.00059, 0, 0, 0, 100, 0),
(2481350, 5, 340.163, 37.3922, -24.2962, 1.52149, 0, 0, 0, 100, 0),
(2481350, 6, 370.851, 49.1938, -23.8122, 0.42979, 0, 0, 0, 100, 0),
(2481350, 7, 409.13, 49.8709, -24.0747, 5.80977, 0, 0, 0, 100, 0),
(2481350, 8, 408.73, -2.39736, -24.7128, 5.10291, 0, 0, 0, 100, 0),
(2481350, 9, 432.633, -22.5598, -25.0345, 5.10292, 0, 0, 0, 100, 0),
(2481350, 10, 389.383, -47.7396, -23.5971, 3.4795, 3000, 0, 0, 100, 0),
--
(2481450, 1, 682.913, 465.75, 29.462, 1.82798, 0, 0, 0, 100, 0),
(2481450, 2, 680.266, 478.126, 29.4604, 1.95365, 0, 0, 0, 100, 0),
(2481450, 3, 661.718, 484.072, 29.456, 2.93147, 0, 0, 0, 100, 0),
(2481450, 4, 652.064, 497.282, 29.456, 2.1657, 0, 0, 0, 100, 0),
(2481450, 5, 657.592, 480.187, 29.456, 5.06383, 0, 0, 0, 100, 0),
(2481450, 6, 674.695, 483.481, 29.4563, 0.265041, 0, 0, 0, 100, 0),
(2481450, 7, 681.528, 495.298, 29.4589, 1.04651, 0, 0, 0, 100, 0),
(2481450, 8, 687.216, 498.374, 29.4673, 0.429978, 0, 0, 0, 100, 0),
(2481450, 9, 693.335, 500.589, 28.176, 0.382852, 0, 0, 0, 100, 0),
(2481450, 10, 702.258, 518.684, 28.1763, 1.14076, 0, 0, 0, 100, 0),
(2481450, 11, 716.497, 506.804, 28.1784, 5.57041, 0, 0, 0, 100, 0),
(2481450, 12, 732.769, 505.308, 28.1805, 6.20658, 0, 0, 0, 100, 0),
(2481450, 13, 747.255, 497.665, 28.1825, 5.79032, 0, 0, 0, 100, 0),
(2481450, 14, 757.437, 485.935, 28.184, 5.37406, 0, 0, 0, 100, 0),
(2481450, 15, 760.651, 481.289, 27.4637, 5.48008, 0, 0, 0, 100, 0),
(2481450, 16, 785.065, 478.346, 37.1798, 0.115811, 0, 0, 0, 100, 0),
(2481450, 17, 804.086, 458.011, 37.3182, 5.50364, 0, 0, 0, 100, 0),
(2481450, 18, 828.878, 448.645, 37.3182, 6.05342, 0, 0, 0, 100, 0),
(2481450, 19, 849.768, 459.316, 37.3182, 0.512434, 0, 0, 0, 100, 0),
(2481450, 20, 858.377, 479.946, 37.3182, 2.27173, 0, 0, 0, 100, 0),
(2481450, 21, 839.111, 511.017, 37.3182, 2.14213, 0, 0, 0, 100, 0),
(2481450, 22, 813.027, 508.397, 37.3182, 3.24169, 0, 0, 0, 100, 0),
(2481450, 23, 791.383, 499.283, 37.3182, 3.54014, 0, 0, 0, 100, 0),
(2481450, 24, 784.046, 487.773, 36.7457, 3.36736, 0, 0, 0, 100, 0),
(2481450, 25, 777.813, 484.204, 34.9632, 3.28882, 0, 0, 0, 100, 0),
(2481450, 26, 768.765, 483.711, 29.9384, 3.19457, 0, 0, 0, 100, 0),
(2481450, 27, 759.808, 482.387, 27.7173, 3.30452, 0, 0, 0, 100, 0),
(2481450, 28, 754.896, 480.003, 28.184, 3.61868, 0, 0, 0, 100, 0),
(2481450, 29, 741.144, 472.113, 28.184, 3.66188, 0, 0, 0, 100, 0),
(2481450, 30, 729.36, 459.944, 28.1811, 3.81503, 0, 0, 0, 100, 0),
(2481450, 31, 724.252, 441.533, 28.1797, 4.42371, 0, 0, 0, 100, 0),
(2481450, 32, 708.13, 438.646, 28.1768, 2.9668, 0, 0, 0, 100, 0),
(2481450, 33, 692.9, 449.233, 28.1754, 2.55054, 0, 0, 0, 100, 0),
(2481450, 34, 687.047, 450.481, 29.466, 2.14213, 0, 0, 0, 100, 0);


/* ---- Dire Maul West -----  */

/* smart scripts */
UPDATE `creature_template` SET `AIName` = 'SmartAI' WHERE `entry` IN 
(11458, 11459, 11466, 11467, 11469, 11470, 11471, 11472, 11473, 11475, 11476, 11477, 11480, 11483, 11484, 11486, 11487, 11488, 11489, 11496, 14303, 14308, 14398, 14399, 14400, 14566);
DELETE FROM `smart_scripts` WHERE `source_type` = 0 AND `entryorguid` IN 
(11458, 11459, 11466, 11467, 11469, 11470, 11471, 11472, 11473, 11475, 11476, 11477, 11480, 11483, 11484, 11486, 11487, 11488, 11489, 11496, 14303, 14308, 14398, 14399, 14400, 14566);

INSERT INTO `smart_scripts` (`entryorguid`, `source_type`, `id`, `link`, `event_type`, `event_phase_mask`, `event_chance`, `event_flags`, 
`event_param1`, `event_param2`, `event_param3`, `event_param4`, `event_param5`, `event_param6`, 
`action_type`, `action_param1`, `action_param2`, `action_param3`, `action_param4`, `action_param5`, `action_param6`, 
`target_type`, `target_param1`, `target_param2`, `target_param3`, `target_param4`, `target_x`, `target_y`, `target_z`, `target_o`, `comment`) VALUES 
--
(11458, 0, 0, 0, 2, 0, 100, 1, 0, 50, 0, 0, 0, 0, 11, 22693, 0, 0, 0, 0, 0, 1, 0, 0, 0, 0, 0, 0, 0, 0,                 'Petrified Treant - Between 0-50% Health - Cast Harden Skin (No Repeat)'),
(11459, 0, 0, 0, 0, 0, 100, 0, 4000, 6000, 6000, 18000, 0, 0, 11, 5568, 0, 0, 0, 0, 0, 1, 0, 0, 0, 0, 0, 0, 0, 0,      'Ironbark Protector - In Combat - Cast Trample'),
(11459, 0, 1, 0, 0, 0, 100, 0, 7000, 9000, 14000, 18000, 0, 0, 11, 18670, 0, 0, 0, 0, 0, 21, 10, 0, 0, 0, 0, 0, 0, 0,  'Ironbark Protector - In Combat - Cast Knock Away'),
(11459, 0, 2, 0, 0, 0, 100, 0, 9000, 12000, 19000, 25000, 0, 0, 11, 28858, 32, 0, 0, 0, 0, 5, 30, 0, 0, 0, 0, 0, 0, 0, 'Ironbark Protector - In Combat - Cast Entangling Roots'),
(11466, 0, 0, 0, 38, 0, 100, 0, 2, 2, 0, 0, 0, 0, 49, 0, 0, 0, 0, 0, 0, 19, 11496, 200, 0, 0, 0, 0, 0, 0,              'Highborne Summoner - On Data Set - Attack Start'),
(11466, 0, 1, 0, 0, 0, 100, 0, 0, 2000, 3000, 5000, 0, 0, 11, 9053, 64, 0, 0, 0, 0, 2, 0, 0, 0, 0, 0, 0, 0, 0,         'Highborne Summoner - In Combat - Cast Fireball'),
(11466, 0, 2, 0, 0, 0, 100, 0, 4000, 9000, 9000, 19000, 0, 0, 11, 13339, 0, 0, 0, 0, 0, 2, 0, 0, 0, 0, 0, 0, 0, 0,     'Highborne Summoner - In Combat - Cast Fire Blast'),
(11466, 0, 3, 0, 0, 0, 100, 0, 12000, 16000, 18000, 22000, 0, 0, 11, 15063, 0, 0, 0, 0, 0, 1, 0, 0, 0, 0, 0, 0, 0, 0,  'Highborne Summoner - In Combat - Cast Frost Nova'),
(11467, 0, 0, 0, 37, 0, 85, 0, 0, 0, 0, 0, 0, 0, 41, 500, 0, 0, 0, 0, 0, 1, 0, 0, 0, 0, 0, 0, 0, 0,                    'Tsu\'zee - On AI initialize - Self: Despawn in 0.5 s'),
(11467, 0, 1, 0, 0, 0, 100, 2, 3000, 5000, 5000, 7000, 0, 0, 11, 15581, 0, 0, 0, 0, 0, 21, 5, 0, 0, 0, 0, 0, 0, 0,     'Tsu\'zee - Within 0-5 Range - Cast Sinister Strike'),
(11467, 0, 2, 0, 0, 0, 100, 2, 6000, 8000, 9000, 12000, 0, 0, 11, 12540, 0, 0, 0, 0, 0, 5, 5, 0, 0, 0, 0, 0, 0, 0,     'Tsu\'zee - Within 0-5 Range - Cast Gouge'),
(11467, 0, 3, 0, 0, 0, 100, 2, 7000, 11000, 16000, 21000, 0, 0, 11, 21060, 0, 0, 0, 0, 0, 6, 10, 0, 0, 0, 0, 0, 0, 0,  'Tsu\'zee - Within 0-10 Range - Cast Blind'),
--
(11469, 0, 0, 0, 11, 0, 100, 0, 0, 0, 0, 0, 0, 0, 11, 13376, 0, 0, 0, 0, 0, 1, 0, 0, 0, 0, 0, 0, 0, 0,                 'Eldreth Seether - On Respawn - Cast Fire Shield'),
(11469, 0, 1, 0, 0, 0, 100, 0, 2000, 10000, 17000, 22000, 0, 0, 11, 16843, 0, 0, 0, 0, 0, 1, 0, 0, 0, 0, 0, 0, 0, 0,   'Eldreth Seether - In Combat - Cast Crimson Fury'),
(11469, 0, 2, 3, 2, 0, 100, 1, 0, 30, 0, 0, 0, 0, 11, 8269, 1, 0, 0, 0, 0, 1, 0, 0, 0, 0, 0, 0, 0, 0,                  'Eldreth Seether - Between 0-30% Health - Cast Frenzy'),
(11469, 0, 3, 0, 61, 0, 100, 0, 0, 0, 0, 0, 0, 0, 1, 0, 0, 0, 0, 0, 0, 1, 0, 0, 0, 0, 0, 0, 0, 0,                      'Eldreth Seether - On Frenzy - Say Line 0'),
(11470, 0, 0, 0, 0, 0, 100, 0, 0, 0, 2000, 2000, 0, 0, 11, 16006, 64, 0, 0, 0, 0, 2, 0, 0, 0, 0, 0, 0, 0, 0,           'Eldreth Sorcerer - In Combat - Cast Chain Lightning'),
(11470, 0, 1, 0, 0, 0, 100, 0, 9000, 15000, 16000, 21000, 0, 0, 11, 13323, 33, 0, 0, 0, 0, 6, 30, 0, 0, 0, 0, 0, 0, 0, 'Eldreth Sorcerer - In Combat - Cast Polymorph'),
(11470, 0, 2, 0, 0, 0, 100, 0, 10000, 14000, 7000, 13000, 0, 0, 11, 22823, 0, 0, 0, 0, 0, 5, 30, 0, 0, 0, 0, 0, 0, 0,  'Eldreth Sorcerer - In Combat - Cast Starshards'),
(11471, 0, 0, 0, 1, 0, 100, 0, 1000, 10000, 600000, 600000, 0, 0, 11, 18100, 0, 0, 0, 0, 0, 1, 0, 0, 0, 0, 0, 0, 0, 0, 'Eldreth Apparition - Out of Combat - Cast Frost Armor'),
(11471, 0, 1, 0, 0, 0, 100, 0, 0, 0, 2000, 2000, 0, 0, 11, 16799, 64, 0, 0, 0, 0, 2, 0, 0, 0, 0, 0, 0, 0, 0,           'Eldreth Apparition - In Combat - Cast Frostbolt'),
(11471, 0, 2, 0, 0, 0, 100, 0, 11000, 14000, 20000, 30000, 0, 0, 11, 15244, 0, 0, 0, 0, 0, 1, 0, 0, 0, 0, 0, 0, 0, 0,  'Eldreth Apparition - In Combat - Cast Cone of Cold'),
(11471, 0, 3, 0, 0, 0, 100, 0, 7000, 12000, 20000, 28000, 0, 0, 11, 22744, 32, 0, 0, 0, 0, 6, 30, 0, 0, 0, 0, 0, 0, 0, 'Eldreth Apparition - In Combat - Cast Chains of Ice'),
(11472, 0, 0, 0, 9, 0, 100, 0, 0, 0, 6100, 14400, 0, 5, 11, 16838, 0, 0, 0, 0, 0, 1, 0, 0, 0, 0, 0, 0, 0, 0,           'Eldreth Spirit - Within 0-5 Range - Cast Banshee Shriek'),
(11472, 0, 1, 0, 0, 0, 100, 0, 0, 0, 4900, 8800, 0, 0, 11, 22743, 0, 0, 0, 0, 0, 2, 0, 0, 0, 0, 0, 0, 0, 0,            'Eldreth Spirit - In Combat - Cast Ribbon of Souls'),
(11473, 0, 0, 0, 1, 0, 100, 0, 0, 0, 16000, 16000, 0, 0, 11, 16380, 0, 0, 0, 0, 0, 1, 0, 0, 0, 0, 0, 0, 0, 0,          'Eldreth Spectre - Out of Combat - Cast Greater Invisibility'),
(11473, 0, 1, 0, 4, 0, 100, 0, 0, 0, 0, 0, 0, 0, 28, 16380, 0, 0, 0, 0, 0, 1, 0, 0, 0, 0, 0, 0, 0, 0,                  'Eldreth Spectre - On Aggro - Remove Greater Invisibility'),
(11473, 0, 2, 0, 9, 0, 100, 0, 0, 0, 14000, 25000, 0, 5, 11, 17831, 0, 0, 0, 0, 0, 2, 0, 0, 0, 0, 0, 0, 0, 0,          'Eldreth Spectre - Within 0-5 Range - Cast Call of the Graves'),
(11473, 0, 3, 0, 14, 0, 100, 0, 2000, 40, 9000, 14000, 0, 0, 11, 7154, 0, 0, 0, 0, 0, 7, 0, 0, 0, 0, 0, 0, 0, 0,       'Eldreth Spectre - Friendly Missing Health - Cast Dark Offering'),
(11473, 0, 4, 0, 0, 0, 100, 0, 9000, 12000, 22000, 26000, 0, 0, 11, 17201, 0, 0, 0, 0, 0, 1, 0, 0, 0, 0, 0, 0, 0, 0,   'Eldreth Spectre - In Combat - Self Cast Dispel Magic'),
(11475, 0, 0, 0, 9, 0, 100, 0, 0, 0, 15200, 20100, 0, 5, 11, 17831, 0, 0, 0, 0, 0, 2, 0, 0, 0, 0, 0, 0, 0, 0,          'Eldreth Phantasm - Within 0-5 Range - Cast Call of the Graves'),
(11475, 0, 1, 0, 0, 0, 100, 0, 6000, 9000, 16000, 29000, 0, 0, 11, 15802, 32, 0, 0, 0, 0, 5, 30, 0, 0, 0, 0, 0, 0, 0,  'Eldreth Phantasm - In Combat - Cast Shrink'),
--
(11476, 0, 0, 0, 9, 0, 100, 0, 0, 0, 5000, 9000, 0, 5, 11, 13444, 0, 0, 0, 0, 0, 2, 0, 0, 0, 0, 0, 0, 0, 0,            'Skeletal Highborne - Within 0-5 Range - Cast Sunder Armor'),
(11477, 0, 0, 0, 6, 0, 100, 512, 0, 0, 0, 0, 0, 0, 11, 22825, 2, 0, 0, 0, 0, 1, 0, 0, 0, 0, 0, 0, 0, 0,                'Rotting Highborne - On Just Died - Cast Summon Cadaverous Worm'),
(11480, 0, 0, 0, 0, 0, 100, 0, 0, 0, 2400, 3800, 0, 0, 11, 15979, 0, 0, 0, 0, 0, 2, 0, 0, 0, 0, 0, 0, 0, 0,            'Arcane Aberration - In Combat - Cast Arcane Bolt'),
(11480, 0, 1, 0, 6, 0, 100, 512, 0, 0, 0, 0, 0, 0, 11, 22936, 258, 0, 0, 0, 0, 5, 30, 0, 1, 0, 0, 0, 0, 0,             'Arcane Aberration - On Death - Cast Mana Burn'),
(11483, 0, 0, 0, 0, 0, 100, 0, 6000, 9000, 11000, 15000, 0, 0, 11, 15659, 0, 0, 0, 0, 0, 2, 0, 0, 0, 0, 0, 0, 0, 0,    'Mana Remnant - In Combat - Cast Chain Lightning'),
(11483, 0, 1, 0, 0, 0, 100, 0, 5000, 25000, 15000, 25000, 0, 0, 11, 14514, 0, 0, 0, 0, 0, 1, 0, 0, 0, 0, 0, 0, 0, 0,   'Mana Remnant - In Combat - Cast Blink'),
(11484, 0, 0, 0, 0, 0, 100, 0, 3000, 5000, 3000, 5000, 0, 0, 11, 15230, 0, 0, 0, 0, 0, 2, 0, 0, 0, 0, 0, 0, 0, 0,      'Residual Monstrosity - In Combat - Cast Arcane Bolt'),
(11484, 0, 1, 0, 0, 0, 100, 0, 7000, 9000, 9000, 14000, 0, 0, 11, 22940, 0, 0, 0, 0, 0, 1, 0, 0, 0, 0, 0, 0, 0, 0,     'Residual Monstrosity - In Combat - Cast Arcane Blast'),
(11484, 0, 2, 0, 6, 0, 100, 512, 0, 0, 0, 0, 0, 0, 11, 22939, 2, 0, 0, 0, 0, 1, 0, 0, 0, 0, 0, 0, 0, 0,                'Residual Monstrosity - On Death - Cast Summon Mana Bursts'),
--
(11486, 0, 0, 1, 60, 0, 100, 257, 5000, 5000, 5000, 5000, 0, 0, 1, 0, 0, 0, 0, 0, 0, 1, 0, 0, 0, 0, 0, 0, 0, 0,        'Prince Tortheldrin - On Update - Say Line 0'),
(11486, 0, 1, 0, 61, 0, 100, 512, 0, 0, 0, 0, 0, 0, 2, 14, 0, 0, 0, 0, 0, 1, 0, 0, 0, 0, 0, 0, 0, 0,                   'Prince Tortheldrin - On Update - Set Faction'),
(11486, 0, 2, 0, 25, 0, 100, 257, 0, 0, 0, 0, 0, 0, 11, 674, 0, 0, 0, 0, 0, 1, 0, 0, 0, 0, 0, 0, 0, 0,                 'Prince Tortheldrin - On Reset - Cast Dual Wield'),
(11486, 0, 3, 0, 25, 0, 100, 0, 0, 0, 0, 0, 0, 0, 11, 8876, 0, 0, 0, 0, 0, 1, 0, 0, 0, 0, 0, 0, 0, 0,                  'Prince Tortheldrin - On Reset - Cast Thrash'),
(11486, 0, 4, 0, 0, 0, 100, 0, 8000, 12000, 10000, 12000, 0, 0, 11, 22920, 0, 0, 0, 0, 0, 2, 0, 0, 0, 0, 0, 0, 0, 0,   'Prince Tortheldrin - In Combat - Cast Arcane Blast'),
(11486, 0, 5, 0, 0, 0, 100, 0, 5000, 9000, 6000, 9000, 0, 0, 11, 13736, 0, 0, 0, 0, 0, 1, 0, 0, 0, 0, 0, 0, 0, 0,      'Prince Tortheldrin - In Combat - Cast Whirlwind'),
(11486, 0, 6, 0, 105, 0, 100, 0, 0, 0, 1000, 4000, 0, 30, 11, 20537, 0, 0, 0, 0, 0, 7, 0, 0, 0, 0, 0, 0, 0, 0,         'Prince Tortheldrin - Target Casting - Cast Counterspell'),
(11486, 0, 7, 0, 6, 0, 100, 512, 0, 0, 0, 0, 0, 0, 34, 1, 2, 0, 0, 0, 0, 1, 0, 0, 0, 0, 0, 0, 0, 0,                    'Prince Tortheldrin - On Death - Set Instance Data 1 to 2'),
--
(11487, 0, 0, 0, 2, 0, 100, 1, 0, 60, 0, 0, 0, 0, 11, 22917, 0, 0, 0, 0, 0, 1, 0, 0, 0, 0, 0, 0, 0, 0,                 'Magister Kalendris - Between 0-60% Health - Cast Shadowform (No Repeat)'),
(11487, 0, 1, 0, 2, 0, 100, 1, 0, 30, 0, 0, 0, 0, 28, 22917, 0, 0, 0, 0, 0, 1, 0, 0, 0, 0, 0, 0, 0, 0,                 'Magister Kalendris - Between 0-30% Health - Remove Shadowform (No Repeat)'),
(11487, 0, 2, 0, 0, 0, 100, 0, 1000, 3000, 6000, 8000, 0, 0, 11, 15587, 0, 0, 0, 0, 0, 2, 0, 0, 0, 0, 0, 0, 0, 0,      'Magister Kalendris - In Combat - Cast Mind Blast'),
(11487, 0, 3, 0, 0, 0, 100, 0, 7000, 10000, 9000, 12000, 0, 0, 11, 22919, 0, 0, 0, 0, 0, 2, 0, 0, 0, 0, 0, 0, 0, 0,    'Magister Kalendris - In Combat - Cast Mind Flay'),
(11487, 0, 4, 0, 0, 0, 100, 0, 5000, 9000, 20000, 24000, 0, 0, 11, 15654, 0, 0, 0, 0, 0, 5, 30, 0, 0, 0, 0, 0, 0, 0,   'Magister Kalendris - In Combat - Cast Shadow Word: Pain'),
(11487, 0, 5, 0, 0, 0, 100, 0, 8000, 12000, 15000, 20000, 0, 0, 11, 7645, 0, 0, 0, 0, 0, 6, 20, 0, 0, 0, 0, 0, 0, 0,   'Magister Kalendris - In Combat - Cast Dominate Mind'),
(11487, 0, 6, 0, 6, 0, 100, 512, 0, 0, 0, 0, 0, 0, 99, 3, 0, 0, 0, 0, 0, 20, 185579, 150, 0, 0, 0, 0, 0, 0,            'Magister Kalendris - On Death - Set Gameobject Loot State'),
(11487, 0, 7, 0, 1, 0, 100, 1, 10000, 10000, 0, 0, 0, 0, 11, 21157, 0, 0, 0, 0, 0, 1, 0, 0, 0, 0, 0, 0, 0, 0,          'Magister Kalendris - Out of Combat - Cast Dark Channeling'),
--
(11488, 0, 0, 0, 9, 0, 100, 0, 0, 0, 4000, 4000, 30, 60, 21, 1, 0, 0, 0, 0, 0, 1, 0, 0, 0, 0, 0, 0, 0, 0,              'Illyanna Ravenoak - Outside 30 Range - Start Combat Movement'),
(11488, 0, 1, 0, 9, 0, 100, 0, 0, 0, 4000, 4000, 5, 30, 21, 0, 0, 0, 0, 0, 0, 1, 0, 0, 0, 0, 0, 0, 0, 0,               'Illyanna Ravenoak - Within 5-30 Range - Stop Combat Movement'),
(11488, 0, 2, 0, 9, 0, 100, 0, 0, 0, 4000, 4000, 0, 5, 21, 1, 0, 0, 0, 0, 0, 1, 0, 0, 0, 0, 0, 0, 0, 0,                'Illyanna Ravenoak - Within 0-5 Range - Start Combat Movement'),
(11488, 0, 3, 0, 9, 0, 100, 0, 0, 0, 2000, 4000, 5, 30, 11, 16100, 64, 0, 0, 0, 0, 2, 0, 0, 0, 0, 0, 0, 0, 0,          'Illyanna Ravenoak - Within 5-30 Range - Cast Shoot'),
(11488, 0, 4, 0, 0, 0, 100, 0, 30000, 35000, 60000, 65000, 0, 0, 11, 22908, 0, 0, 0, 0, 0, 5, 30, 0, 0, 0, 0, 0, 0, 0, 'Illyanna Ravenoak - Within 0-30 Range - Cast Volley'),
(11488, 0, 5, 0, 9, 0, 100, 0, 0, 0, 6000, 9000, 0, 30, 11, 20735, 0, 0, 0, 0, 0, 2, 0, 0, 0, 0, 0, 0, 0, 0,           'Illyanna Ravenoak - Within 0-30 Range - Cast Multi-Shot'),
(11488, 0, 6, 0, 0, 0, 100, 0, 5000, 7000, 16000, 20000, 0, 0, 11, 22914, 0, 0, 0, 0, 0, 5, 30, 0, 0, 0, 0, 0, 0, 0,   'Illyanna Ravenoak - Within 0-30 Range - Cast Concussive Shot'),
(11488, 0, 7, 0, 0, 0, 100, 0, 7000, 10000, 10000, 15000, 0, 0, 11, 22910, 0, 0, 0, 0, 0, 1, 0, 0, 0, 0, 0, 0, 0, 0,   'Illyanna Ravenoak - In Combat - Cast Immolation Trap'),
--
(11489, 0, 0, 0, 4, 0, 100, 0, 0, 0, 0, 0, 0, 0, 1, 0, 0, 0, 0, 0, 0, 1, 0, 0, 0, 0, 0, 0, 0, 0,                       'Tendris Warpwood - On Aggro - Say Line 0'),
(11489, 0, 1, 0, 0, 0, 100, 0, 5000, 9000, 9000, 14000, 0, 0, 11, 5568, 0, 0, 0, 0, 0, 1, 0, 0, 0, 0, 0, 0, 0, 0,      'Tendris Warpwood - In Combat - Cast Trample'),
(11489, 0, 2, 0, 0, 0, 100, 0, 2000, 4000, 17000, 22000, 0, 0, 11, 22924, 0, 0, 0, 0, 0, 1, 0, 0, 0, 0, 0, 0, 0, 0,    'Tendris Warpwood - In Combat - Cast Grasping Vines'),
(11489, 0, 3, 0, 0, 0, 100, 0, 6000, 12000, 15000, 20000, 0, 0, 11, 22994, 32, 0, 0, 0, 0, 6, 40, 0, 0, 0, 0, 0, 0, 0, 'Tendris Warpwood - In Combat - Cast Entangle'),
(11489, 0, 4, 0, 0, 0, 100, 0, 9000, 12000, 12000, 15000, 0, 0, 11, 22916, 0, 0, 0, 0, 0, 21, 10, 0, 0, 0, 0, 0, 0, 0, 'Tendris Warpwood - Within 0-10 Range - Cast Uppercut'),
(11489, 0, 5, 0, 6, 0, 100, 0, 0, 0, 0, 0, 0, 0, 47, 1, 0, 0, 0, 0, 0, 10, 248563, 14566, 0, 0, 0, 0, 0, 0,            'Tendris Warpwood - On Death - Set Visible Ancient Equine Spirit'),
--
(11496, 0, 0, 1, 38, 0, 100, 512, 1, 1, 0, 0, 0, 0, 45, 2, 2, 0, 0, 0, 0, 11, 11466, 200, 0, 0, 0, 0, 0, 0,            'Immol\'thar - On Data Set - Set Data'),
(11496, 0, 1, 2, 61, 0, 100, 512, 0, 0, 0, 0, 0, 0, 1, 0, 0, 0, 0, 0, 0, 19, 11466, 200, 0, 0, 0, 0, 0, 0,             'Immol\'thar - On Data Set - Say Line 0 Target'),
(11496, 0, 2, 0, 61, 0, 100, 512, 0, 0, 0, 0, 0, 0, 118, 0, 0, 0, 0, 0, 0, 20, 179503, 200, 0, 0, 0, 0, 0, 0,          'Immol\'thar - On Data Set - Set Gameobject State'),
(11496, 0, 3, 0, 0, 0, 100, 0, 5000, 9000, 9000, 14000, 0, 0, 11, 5568, 0, 0, 0, 0, 0, 1, 0, 0, 0, 0, 0, 0, 0, 0,      'Immol\'thar - In Combat - Cast Trample'),
(11496, 0, 4, 0, 0, 0, 100, 0, 2000, 4000, 8000, 12000, 0, 0, 11, 16128, 0, 0, 0, 0, 0, 21, 5, 0, 0, 0, 0, 0, 0, 0,    'Immol\'thar - Within 0-5 Range - Cast Infected Bite'),
(11496, 0, 5, 0, 0, 0, 100, 0, 10000, 14000, 17000, 24000, 0, 0, 11, 22950, 0, 0, 0, 0, 0, 6, 50, 1, 0, 0, 0, 0, 0, 0, 'Immol\'thar - In Combat - Cast Portal of Immol\'thar'),
(11496, 0, 6, 0, 0, 0, 100, 0, 7000, 12000, 15000, 22000, 0, 0, 11, 22899, 0, 0, 0, 0, 0, 1, 0, 0, 0, 0, 0, 0, 0, 0,   'Immol\'thar - In Combat - Cast Eye of Immol\'thar'),
(11496, 0, 7, 8, 2, 0, 100, 0, 0, 30, 180000, 180000, 0, 0, 11, 8269, 0, 0, 0, 0, 0, 1, 0, 0, 0, 0, 0, 0, 0, 0,        'Immol\'thar - Between 0-30% Health - Cast Frenzy'),
(11496, 0, 8, 0, 61, 0, 100, 0, 0, 0, 0, 0, 0, 0, 1, 0, 0, 0, 0, 0, 0, 1, 0, 0, 0, 0, 0, 0, 0, 0,                      'Immol\'thar - On Frenzy - Say Line 0'),
(11496, 0, 9, 0, 6, 0, 100, 512, 0, 0, 0, 0, 0, 0, 34, 1, 1, 0, 0, 0, 0, 1, 0, 0, 0, 0, 0, 0, 0, 0,                    'Immol\'thar - On Death - Set Instance Data 1 to 1'),
--
(14303, 0, 0, 0, 1, 0, 100, 1, 1000, 1000, 0, 0, 0, 0, 11, 22696, 0, 0, 0, 0, 0, 1, 0, 0, 0, 0, 0, 0, 0, 0,            'Petrified Guardian - Out of Combat - Cast Thorns'),
(14303, 0, 1, 0, 2, 0, 100, 0, 0, 50, 8000, 16000, 0, 0, 11, 22373, 32, 0, 0, 0, 0, 1, 0, 0, 0, 0, 0, 0, 0, 0,         'Petrified Guardian - Between 0-50% Health - Cast Regrowth'),
(14303, 0, 2, 0, 14, 0, 100, 0, 2000, 40, 3000, 7000, 0, 0, 11, 22373, 32, 0, 0, 0, 0, 7, 0, 0, 0, 0, 0, 0, 0, 0,      'Petrified Guardian - Friendly Missing Health - Cast Regrowth'),
(14308, 0, 0, 0, 9, 0, 100, 0, 0, 0, 8000, 14000, 8, 25, 11, 22911, 0, 0, 0, 0, 0, 2, 0, 0, 0, 0, 0, 0, 0, 0,          'Ferra - Within Rage 8-25yd - Cast Charge'),
(14308, 0, 1, 0, 0, 0, 100, 0, 3000, 6000, 5000, 8000, 0, 0, 11, 17156, 0, 0, 0, 0, 0, 2, 0, 0, 0, 0, 0, 0, 0, 0,      'Ferra - In Combat - Cast Maul'),
(14398, 0, 0, 0, 0, 0, 100, 0, 6000, 8000, 8000, 19000, 0, 0, 11, 22947, 320, 0, 0, 0, 0, 5, 30, 0, 1, 0, 0, 0, 0, 0,  'Eldreth Darter - In Combat - Cast Mana Burn'),
(14398, 0, 1, 0, 0, 0, 100, 0, 3000, 9000, 18000, 34000, 0, 0, 11, 17139, 32, 0, 0, 0, 0, 1, 0, 0, 0, 0, 0, 0, 0, 0,   'Eldreth Darter - In Combat - Cast Power Word: Shield'),
(14399, 0, 0, 0, 0, 0, 100, 0, 4000, 9000, 7000, 12000, 0, 0, 11, 22945, 0, 0, 0, 0, 0, 2, 0, 0, 0, 0, 0, 0, 0, 0,     'Arcane Torrent - In Combat - Cast Forked Lightning'),
(14399, 0, 1, 0, 0, 0, 100, 0, 7000, 14000, 19000, 23000, 0, 0, 11, 22946, 0, 0, 0, 0, 0, 5, 20, 0, 0, 0, 0, 0, 0, 0,  'Arcane Torrent - In Combat - Cast Lightning Cloud'),
(14400, 0, 0, 0, 1, 0, 100, 0, 1000, 1000, 300000, 300000, 0, 0, 11, 12550, 0, 0, 0, 0, 0, 1, 0, 0, 0, 0, 0, 0, 0, 0,  'Arcane Feedback - Out of Combat - Cast Lightning Shield'),
(14400, 0, 1, 0, 0, 0, 100, 0, 0, 0, 15000, 30000, 0, 0, 11, 12550, 32, 0, 0, 0, 0, 1, 0, 0, 0, 0, 0, 0, 0, 0,         'Arcane Feedback - In Combat - Cast Lightning Shield'),
(14566, 0, 0, 0, 11, 0, 100, 0, 0, 0, 0, 0, 0, 0, 47, 0, 0, 0, 0, 0, 0, 1, 0, 0, 0, 0, 0, 0, 0, 0,                     'Ancient Equine Spirit - On Respawn - Set Invisible');

-- Cadaverous Worm
DELETE FROM `creature_loot_template` WHERE `entry` = 14370;
UPDATE `creature_template` SET `lootid` = 0 WHERE `entry` = 14370;
UPDATE `creature_template_model` SET `DisplayScale` = 0.25  WHERE `CreatureID` = 14370;

-- fix waypoints
DELETE FROM `creature` WHERE `id1` IN (11459, 11484, 11488, 14308);
DELETE FROM `creature` WHERE `guid` IN (247932, 247933); -- unused Eldreth Phantasm guids
DELETE FROM `creature` WHERE `guid` IN (247915, 247925);
DELETE FROM `creature` WHERE `guid` IN (@CGUID+21, @CGUID+22, @CGUID+23, @CGUID+24, @CGUID+25, @CGUID+26);

INSERT INTO `creature` (`guid`, `id1`, `map`, `zoneId`, `areaId`, `spawnMask`, `phaseMask`, `equipment_id`, `position_x`, `position_y`, `position_z`, `orientation`, 
`spawntimesecs`, `wander_distance`, `currentwaypoint`, `curhealth`, `curmana`, `MovementType`, `npcflag`, `unit_flags`, `dynamicflags`, `ScriptName`, `VerifiedBuild`, `CreateObject`, `Comment`) VALUES
--
(247820, 11459, 429, 0, 0, 1, 1, 0, -92.0732, 344.012, -4.98579, 4.65212,     7200, 0, 1, 16704, 0, 2, 0, 0, 0, '', 0, 0, NULL), -- Ironbark Protector
(247821, 11459, 429, 0, 0, 1, 1, 0, -81.8398, 331.385, -4.98577, 0.00806141,  7200, 0, 1, 16704, 0, 2, 0, 0, 0, '', 0, 0, NULL),
(247822, 11459, 429, 0, 0, 1, 1, 0, -91.2542, 208.194, -4.98579, 0.000183582, 7200, 0, 1, 16704, 0, 2, 0, 0, 0, '', 0, 0, NULL),
(247823, 11459, 429, 0, 0, 1, 1, 0, 120.349, 208.974, -4.98579, 1.51911,      7200, 0, 1, 16704, 0, 2, 0, 0, 0, '', 0, 0, NULL),
(247826, 11459, 429, 0, 0, 1, 1, 0, 117.024, 341.161, -4.98576, 3.11795,      7200, 0, 1, 16704, 0, 2, 0, 0, 0, '', 0, 0, NULL),
(247827, 11459, 429, 0, 0, 1, 1, 0, 111.654, 331.099, -4.98691, 4.70273,      7200, 0, 1, 16704, 0, 2, 0, 0, 0, '', 0, 0, NULL),
(247828, 11459, 429, 0, 0, 1, 1, 0, 113.191, 220.718, -4.98579, 3.06752,      7200, 0, 1, 16704, 0, 2, 0, 0, 0, '', 0, 0, NULL),
(247829, 11459, 429, 0, 0, 1, 1, 0, -83.6189, 221.455, -4.98577, 1.55063,     7200, 0, 1, 16704, 0, 2, 0, 0, 0, '', 0, 0, NULL),
--
(247915, 11473, 429, 0, 0, 1, 1, 0, 53.4167, 508.309, -23.3046, 1.5645,       7200, 0, 1, 6891, 6867, 2, 0, 0, 0, '', 0, 0, NULL), -- Eldreth Spectre
(247925, 11473, 429, 0, 0, 1, 1, 0, -44.4043, 601.338, -23.3039, 4.71541,     7200, 0, 1, 6891, 6867, 2, 0, 0, 0, '', 0, 0, NULL),
--
(@CGUID+21, 11471, 429, 0, 0, 1, 1, 0, -14.1262, 556.353, -23.3048, 2.58788,  7200, 5, 0, 8613, 0, 1, 0, 0, 0, '', 0, 0, NULL),
(@CGUID+22, 11475, 429, 0, 0, 1, 1, 0, -23.644, 555.536, -23.3048, 2.42687,   7200, 5, 0, 8613, 0, 1, 0, 0, 0, '', 0, 0, NULL),
(@CGUID+23, 11475, 429, 0, 0, 1, 1, 0, -19.0653, 561.489, -23.3048, 2.46222,  7200, 5, 0, 8613, 0, 1, 0, 0, 0, '', 0, 0, NULL),
(@CGUID+24, 11471, 429, 0, 0, 1, 1, 0, 24.3215, 555.272, -23.3048, 5.91641,   7200, 5, 0, 8613, 0, 1, 0, 0, 0, '', 0, 0, NULL),
(@CGUID+25, 11475, 429, 0, 0, 1, 1, 0, 30.4088, 549.859, -23.3048, 5.88342,   7200, 5, 0, 8613, 0, 1, 0, 0, 0, '', 0, 0, NULL),
(@CGUID+26, 11475, 429, 0, 0, 1, 1, 0, 33.0906, 556.943, -23.3048, 5.5889,    7200, 5, 0, 8613, 0, 1, 0, 0, 0, '', 0, 0, NULL),
--
(@CGUID+1,  11484, 429, 0, 0, 1, 1, 0, 64.1088, 850.66, -24.5796, 3.54089,    7200, 0, 1, 14594, 0, 2, 0, 0, 0, '', 0, 0, NULL),
(@CGUID+2,  11484, 429, 0, 0, 1, 1, 0, 72.168, 814.964, -24.5796, 3.17175,    7200, 0, 1, 14594, 0, 2, 0, 0, 0, '', 0, 0, NULL),
(@CGUID+3,  11484, 429, 0, 0, 1, 1, 0, 67.3596, 774.314, -24.5802, 2.72639,   7200, 0, 1, 14594, 0, 2, 0, 0, 0, '', 0, 0, NULL),
(@CGUID+4,  11484, 429, 0, 0, 1, 1, 0, 51.8217, 735.954, -24.5798, 2.44365,   7200, 0, 1, 14594, 0, 2, 0, 0, 0, '', 0, 0, NULL),
(@CGUID+5,  11484, 429, 0, 0, 1, 1, 0, 17.9655, 716.301, -24.5796, 2.1256,    7200, 0, 1, 14594, 0, 2, 0, 0, 0, '', 0, 0, NULL),
(@CGUID+6,  11484, 429, 0, 0, 1, 1, 0, -17.6352, 697.856, -24.5808, 1.72897,  7200, 0, 1, 14594, 0, 2, 0, 0, 0, '', 0, 0, NULL),
(@CGUID+7,  11484, 429, 0, 0, 1, 1, 0, -56.2217, 702.373, -24.5915, 1.34805,  7200, 0, 1, 14594, 0, 2, 0, 0, 0, '', 0, 0, NULL),
(@CGUID+8,  11484, 429, 0, 0, 1, 1, 0, -94.2593, 714.937, -24.5803, 1.0425,   7200, 0, 1, 14594, 0, 2, 0, 0, 0, '', 0, 0, NULL),
(@CGUID+9,  11484, 429, 0, 0, 1, 1, 0, -123.166, 740.039, -24.5803, 0.711101, 7200, 0, 1, 14594, 0, 2, 0, 0, 0, '', 0, 0, NULL),
(@CGUID+10, 11484, 429, 0, 0, 1, 1, 0, -143.233, 772.507, -24.5802, 0.394555, 7200, 0, 1, 14594, 0, 2, 0, 0, 0, '', 0, 0, NULL),
(@CGUID+11, 11484, 429, 0, 0, 1, 1, 0, -151.746, 812.023, -24.5802, 6.25757,  7200, 0, 1, 14594, 0, 2, 0, 0, 0, '', 0, 0, NULL),
(@CGUID+12, 11484, 429, 0, 0, 1, 1, 0, -144.839, 850.961, -24.5802, 5.85702,  7200, 0, 1, 14594, 0, 2, 0, 0, 0, '', 0, 0, NULL),
(@CGUID+13, 11484, 429, 0, 0, 1, 1, 0, -123.805, 883.257, -24.5803, 5.49417,  7200, 0, 1, 14594, 0, 2, 0, 0, 0, '', 0, 0, NULL),
(@CGUID+14, 11484, 429, 0, 0, 1, 1, 0, -92.5066, 908.067, -24.5796, 5.23657,  7200, 0, 1, 14594, 0, 2, 0, 0, 0, '', 0, 0, NULL),
(@CGUID+15, 11484, 429, 0, 0, 1, 1, 0, -58.7163, 921.933, -24.5796, 4.76689,  7200, 0, 1, 14594, 0, 2, 0, 0, 0, '', 0, 0, NULL),
(@CGUID+16, 11484, 429, 0, 0, 1, 1, 0, -20.9416, 925.498, -24.5802, 4.60271,  7200, 0, 1, 14594, 0, 2, 0, 0, 0, '', 0, 0, NULL),
(@CGUID+17, 11484, 429, 0, 0, 1, 1, 0, 20.1434, 910.762, -24.5802, 4.13541,   7200, 0, 1, 14594, 0, 2, 0, 0, 0, '', 0, 0, NULL),
(@CGUID+18, 11484, 429, 0, 0, 1, 1, 0, 46.989, 881.837, -24.5796, 3.74823,    7200, 0, 1, 14594, 0, 2, 0, 0, 0, '', 0, 0, NULL),
--
(248034, 11488, 429, 0, 0, 1, 1, 1, -14.613, 542.093, 28.6039, 3.10576, 86400, 0, 1, 17094, 7302, 2, 0, 0, 0, '', 0, 0, NULL),   -- Illyanna Ravenoak
(248036, 14308, 429, 0, 0, 1, 1, 0, -11.6649, 544.295, 28.6046, 3.1557, 86400, 0, 0, 15260, 0, 0, 0, 0, 0, '', 0, 0, NULL);      -- Ferra

DELETE FROM `creature_addon` WHERE `guid` IN (248013, 248015, 248016); -- unused Residual Monstrosity guids
DELETE FROM `creature_addon` WHERE `guid` IN (247820, 247821, 247822, 247823, 247826, 247827, 247828, 247829);
DELETE FROM `creature_addon` WHERE `guid` IN 
(@CGUID+1, @CGUID+2, @CGUID+3, @CGUID+4, @CGUID+5, @CGUID+6, @CGUID+7, @CGUID+8, @CGUID+9, @CGUID+10, @CGUID+11, @CGUID+12, @CGUID+13, @CGUID+14, @CGUID+15, @CGUID+16, @CGUID+17, @CGUID+18);

INSERT INTO `creature_addon` (`guid`, `path_id`, `mount`, `bytes1`, `bytes2`, `emote`, `visibilityDistanceType`, `auras`) VALUES 
--
(247820, 2478200, 0, 0, 1, 0, 0, ''), -- Ironbark Protector
(247821, 2478210, 0, 0, 1, 0, 0, ''),
(247822, 2478220, 0, 0, 1, 0, 0, ''),
(247823, 2478230, 0, 0, 1, 0, 0, ''),
(247826, 2478260, 0, 0, 1, 0, 0, ''),
(247827, 2478270, 0, 0, 1, 0, 0, ''),
(247828, 2478280, 0, 0, 1, 0, 0, ''),
(247829, 2478290, 0, 0, 1, 0, 0, ''),
--
(@CGUID+1,  @WPID+10,  0, 0, 1, 0, 0, ''), -- Residual Monstrosity
(@CGUID+2,  @WPID+20,  0, 0, 1, 0, 0, ''),
(@CGUID+3,  @WPID+30,  0, 0, 1, 0, 0, ''),
(@CGUID+4,  @WPID+40,  0, 0, 1, 0, 0, ''),
(@CGUID+5,  @WPID+50,  0, 0, 1, 0, 0, ''),
(@CGUID+6,  @WPID+60,  0, 0, 1, 0, 0, ''),
(@CGUID+7,  @WPID+70,  0, 0, 1, 0, 0, ''),
(@CGUID+8,  @WPID+80,  0, 0, 1, 0, 0, ''),
(@CGUID+9,  @WPID+90,  0, 0, 1, 0, 0, ''),
(@CGUID+10, @WPID+100, 0, 0, 1, 0, 0, ''),
(@CGUID+11, @WPID+110, 0, 0, 1, 0, 0, ''),
(@CGUID+12, @WPID+120, 0, 0, 1, 0, 0, ''),
(@CGUID+13, @WPID+130, 0, 0, 1, 0, 0, ''),
(@CGUID+14, @WPID+140, 0, 0, 1, 0, 0, ''),
(@CGUID+15, @WPID+150, 0, 0, 1, 0, 0, ''),
(@CGUID+16, @WPID+160, 0, 0, 1, 0, 0, ''),
(@CGUID+17, @WPID+170, 0, 0, 1, 0, 0, ''),
(@CGUID+18, @WPID+180, 0, 0, 1, 0, 0, '');

DELETE FROM `waypoint_data` WHERE `id` IN (2478200, 2478210, 2478220, 2478230, 2478260, 2478270, 2478280, 2478290, 2479150, 2479250, 2480340);
DELETE FROM `waypoint_data` WHERE `id` IN 
(@WPID+10, @WPID+20, @WPID+30, @WPID+40, @WPID+50, @WPID+60, @WPID+70, @WPID+80, @WPID+90, 
@WPID+100, @WPID+110, @WPID+120, @WPID+130, @WPID+140, @WPID+150, @WPID+160, @WPID+170, @WPID+180);

INSERT INTO `waypoint_data` (`id`, `point`, `position_x`, `position_y`, `position_z`, `orientation`, `delay`, `move_type`, `action`, `action_chance`, `wpguid`) VALUES 
--
(2478200, 1, -92.0732, 344.012, -4.98579, 4.65212, 0, 0, 0, 100, 0),  -- Ironbark Protector 1
(2478200, 2, -90.2285, 208.421, -4.98579, 6.24254, 0, 0, 0, 100, 0),
(2478200, 3, 120.15, 208.525, -4.98579, 1.57334, 0, 0, 0, 100, 0),
(2478200, 4, 117.015, 340.773, -4.98579, 3.12843, 0, 0, 0, 100, 0),
(2478210, 1, -81.8398, 331.385, -4.98577, 0.008061, 0, 0, 0, 100, 0), -- Ironbark Protector 2
(2478210, 2, 111.772, 331.664, -4.98698, 4.70867, 0, 0, 0, 100, 0),
(2478210, 3, 113.403, 221.129, -4.98685, 3.11431, 0, 0, 0, 100, 0),
(2478210, 4, -83.3519, 221.784, -4.98685, 1.59064, 0, 0, 0, 100, 0),
(2478220, 1, -91.2542, 208.194, -4.98579, 0.000184, 0, 0, 0, 100, 0), -- Ironbark Protector 3
(2478220, 2, 120.117, 208.842, -4.98579, 1.6126, 0, 0, 0, 100, 0),
(2478220, 3, 116.995, 341.305, -4.98579, 3.20539, 0, 0, 0, 100, 0),
(2478220, 4, -92.1351, 344.284, -4.98723, 4.57275, 0, 0, 0, 100, 0),
(2478230, 1, 120.349, 208.974, -4.98579, 1.51911, 0, 0, 0, 100, 0),   -- Ironbark Protector 4
(2478230, 2, 116.791, 341.186, -4.98579, 3.17529, 0, 0, 0, 100, 0),
(2478230, 3, -91.8765, 344.362, -4.98712, 4.76964, 0, 0, 0, 100, 0),
(2478230, 4, -89.9524, 208.682, -4.98691, 6.2831, 0, 0, 0, 100, 0),
(2478260, 1, 117.024, 341.161, -4.98575, 3.11795, 0, 0, 0, 100, 0),   -- Ironbark Protector 5
(2478260, 2, -92.2228, 344.339, -4.9872, 4.6966, 0, 0, 0, 100, 0),
(2478260, 3, -90.0851, 208.572, -4.98696, 6.13544, 0, 0, 0, 100, 0),
(2478260, 4, 120.445, 209.066, -4.98696, 1.59663, 0, 0, 0, 100, 0),
(2478270, 1, 111.654, 331.099, -4.98691, 4.70273, 0, 0, 0, 100, 0),   -- Ironbark Protector 6
(2478270, 2, 113.442, 220.675, -4.98577, 3.13979, 0, 0, 0, 100, 0),
(2478270, 3, -83.6429, 221.402, -4.98577, 1.65146, 0, 0, 0, 100, 0),
(2478270, 4, -81.916, 330.945, -4.98579, 0.002112, 0, 0, 0, 100, 0),
(2478280, 1, 113.191, 220.718, -4.98579, 3.06752, 0, 0, 0, 100, 0),   -- Ironbark Protector 7
(2478280, 2, -83.4843, 221.277, -4.98579, 1.5517, 0, 0, 0, 100, 0),
(2478280, 3, -81.9113, 331.127, -4.98579, 6.16277, 0, 0, 0, 100, 0),
(2478280, 4, 111.623, 331.117, -4.98696, 4.69251, 0, 0, 0, 100, 0),
(2478290, 1, -83.6189, 221.455, -4.98577, 1.55062, 0, 0, 0, 100, 0),  -- Ironbark Protector 8
(2478290, 2, -82.0186, 330.969, -4.98577, 6.23867, 0, 0, 0, 100, 0),
(2478290, 3, 111.629, 331.268, -4.9872, 4.68044, 0, 0, 0, 100, 0),
(2478290, 4, 113.478, 220.951, -4.9858, 3.07109, 0, 0, 0, 100, 0),
--
(2479150, 1, 53.4936, 507.186, -23.3046, 1.63912, 0, 0, 0, 100, 0),   -- Eldreth Spectre
(2479150, 2, 51.5193, 540.746, -23.3046, 2.291, 0, 0, 0, 100, 0),
(2479150, 3, 36.6599, 557.085, -23.3046, 3.07639, 0, 0, 0, 100, 0),
(2479150, 4, -21.9005, 564.512, -23.3046, 2.31848, 0, 0, 0, 100, 0),
(2479150, 5, -32.1879, 573.821, -23.3046, 1.7098, 0, 0, 0, 100, 0),
(2479150, 6, -34.7892, 600.211, -23.3046, 1.56843, 0, 0, 0, 100, 0),
(2479150, 7, -44.321, 601.097, -23.3038, 4.70689, 0, 0, 0, 100, 0),
(2479150, 8, -40.8488, 570.866, -23.3052, 5.04383, 0, 0, 0, 100, 0),
(2479150, 9, -23.1178, 554.257, -23.3052, 5.57082, 0, 0, 0, 100, 0),
(2479150, 10, 34.7633, 548.432, -23.3052, 6.20689, 0, 0, 0, 100, 0),
(2479150, 11, 45.6899, 539.005, -23.3052, 4.80574, 0, 0, 0, 100, 0),
(2479150, 12, 47.3821, 508.172, -23.3052, 4.75469, 0, 0, 0, 100, 0),
--
(2479250, 1, -44.4043, 601.338, -23.3039, 4.7154, 0, 0, 0, 100, 0),   -- Eldreth Spectre
(2479250, 2, -40.831, 571.042, -23.3039, 5.53221, 0, 0, 0, 100, 0),
(2479250, 3, -22.8037, 554.48, -23.3039, 2.14085, 0, 0, 0, 100, 0),
(2479250, 4, 34.8095, 548.658, -23.3052, 5.66337, 0, 0, 0, 100, 0),
(2479250, 5, 45.5728, 539.173, -23.3052, 5.33664, 0, 0, 0, 100, 0),
(2479250, 6, 47.3207, 508.284, -23.3052, 4.70362, 0, 0, 0, 100, 0),
(2479250, 7, 53.7398, 507.802, -23.3052, 1.77251, 0, 0, 0, 100, 0),
(2479250, 8, 51.1745, 541.533, -23.3052, 2.54298, 0, 0, 0, 100, 0),
(2479250, 9, 36.3043, 557.544, -23.3052, 5.02955, 0, 0, 0, 100, 0),
(2479250, 10, -21.9884, 565.025, -23.3052, 2.59482, 0, 0, 0, 100, 0),
(2479250, 11, -32.2068, 574.594, -23.3052, 1.72629, 0, 0, 0, 100, 0),
(2479250, 12, -34.7058, 600.746, -23.3052, 1.49067, 0, 0, 0, 100, 0),
--
(2480340, 1, -26.1384, 542.307, 28.6054, 3.14111, 0, 0, 0, 100, 0),   -- Illyanna Ravenoak
(2480340, 2, -50.0924, 542.319, 28.6056, 3.14111, 0, 0, 0, 100, 0),
(2480340, 3, -67.7613, 542.713, 28.6057, 3.14111, 0, 0, 0, 100, 0),
(2480340, 4, -77.7153, 542.718, 28.6028, 3.14111, 0, 0, 0, 100, 0),
(2480340, 5, -83.9453, 542.721, 28.6022, 3.14111, 0, 0, 0, 100, 0),
(2480340, 6, -83.5585, 535.639, 28.6047, 4.61137, 0, 0, 0, 100, 0),
(2480340, 7, -83.4339, 507.603, 28.6018, 4.72918, 0, 0, 0, 100, 0),
(2480340, 8, -83.2587, 478.408, 28.6018, 4.70955, 0, 0, 0, 100, 0),
(2480340, 9, -83.2681, 475.118, 28.6018, 4.70955, 0, 0, 0, 100, 0),
(2480340, 10, -83.2694, 479.493, 28.6018, 1.5711, 0, 0, 0, 100, 0),
(2480340, 11, -82.9326, 511.082, 28.6018, 1.56874, 0, 0, 0, 100, 0),
(2480340, 12, -82.8837, 534.924, 28.6059, 1.56874, 0, 0, 0, 100, 0),
(2480340, 13, -82.8716, 540.832, 28.603, 1.56874, 0, 0, 0, 100, 0),
(2480340, 14, -77.6795, 541.61, 28.6017, 0.148742, 0, 0, 0, 100, 0),
(2480340, 15, -45.1599, 544.161, 28.6061, 0.038001, 0, 0, 0, 100, 0),
(2480340, 16, -17.2886, 544.056, 28.6047, 0.038001, 0, 0, 0, 100, 0),
--
(@WPID+10, 1, 64.1088, 850.66, -24.5796, 5.19022, 0, 0, 0, 100, 0),   -- Residual Monstrosity 1
(@WPID+10, 2, 72.168, 814.964, -24.5796, 5.19022, 0, 0, 0, 100, 0),
(@WPID+10, 3, 67.3596, 774.314, -24.5802, 5.19022, 0, 0, 0, 100, 0),
(@WPID+10, 4, 51.8217, 735.954, -24.5798, 5.19022, 0, 0, 0, 100, 0),
(@WPID+10, 5, 17.9655, 716.301, -24.5796, 4.50221, 0, 0, 0, 100, 0),
(@WPID+10, 6, -17.6352, 697.856, -24.5808, 4.50221, 0, 0, 0, 100, 0),
(@WPID+10, 7, -56.2217, 702.373, -24.5915, 4.50221, 0, 0, 0, 100, 0),
(@WPID+10, 8, -94.2593, 714.937, -24.5803, 2.80575, 0, 0, 0, 100, 0),
(@WPID+10, 9, -123.166, 740.039, -24.5803, 2.80575, 0, 0, 0, 100, 0),
(@WPID+10, 10, -143.233, 772.507, -24.5802, 2.80575, 0, 0, 0, 100, 0),
(@WPID+10, 11, -151.746, 812.023, -24.5802, 2.80575, 0, 0, 0, 100, 0),
(@WPID+10, 12, -144.839, 850.961, -24.5802, 2.80575, 0, 0, 0, 100, 0),
(@WPID+10, 13, -123.805, 883.257, -24.5803, 2.80575, 0, 0, 0, 100, 0),
(@WPID+10, 14, -92.5066, 908.067, -24.5796, 2.80575, 0, 0, 0, 100, 0),
(@WPID+10, 15, -58.7163, 921.933, -24.5796, 2.80575, 0, 0, 0, 100, 0),
(@WPID+10, 16, -20.9416, 925.498, -24.5802, 2.80575, 0, 0, 0, 100, 0),
(@WPID+10, 17, 20.1434, 910.762, -24.5802, 2.80575, 0, 0, 0, 100, 0),
(@WPID+10, 18, 46.989, 881.837, -24.5796, 5.19022, 0, 0, 0, 100, 0),
--
(@WPID+20, 1, 72.168, 814.964, -24.5796, 5.19022, 0, 0, 0, 100, 0),   -- Residual Monstrosity 2
(@WPID+20, 2, 67.3596, 774.314, -24.5802, 5.19022, 0, 0, 0, 100, 0),
(@WPID+20, 3, 51.8217, 735.954, -24.5798, 5.19022, 0, 0, 0, 100, 0),
(@WPID+20, 4, 17.9655, 716.301, -24.5796, 4.50221, 0, 0, 0, 100, 0),
(@WPID+20, 5, -17.6352, 697.856, -24.5808, 4.50221, 0, 0, 0, 100, 0),
(@WPID+20, 6, -56.2217, 702.373, -24.5915, 4.50221, 0, 0, 0, 100, 0),
(@WPID+20, 7, -94.2593, 714.937, -24.5803, 2.80575, 0, 0, 0, 100, 0),
(@WPID+20, 8, -123.166, 740.039, -24.5803, 2.80575, 0, 0, 0, 100, 0),
(@WPID+20, 9, -143.233, 772.507, -24.5802, 2.80575, 0, 0, 0, 100, 0),
(@WPID+20, 10, -151.746, 812.023, -24.5802, 2.80575, 0, 0, 0, 100, 0),
(@WPID+20, 11, -144.839, 850.961, -24.5802, 2.80575, 0, 0, 0, 100, 0),
(@WPID+20, 12, -123.805, 883.257, -24.5803, 2.80575, 0, 0, 0, 100, 0),
(@WPID+20, 13, -92.5066, 908.067, -24.5796, 2.80575, 0, 0, 0, 100, 0),
(@WPID+20, 14, -58.7163, 921.933, -24.5796, 2.80575, 0, 0, 0, 100, 0),
(@WPID+20, 15, -20.9416, 925.498, -24.5802, 2.80575, 0, 0, 0, 100, 0),
(@WPID+20, 16, 20.1434, 910.762, -24.5802, 2.80575, 0, 0, 0, 100, 0),
(@WPID+20, 17, 46.989, 881.837, -24.5796, 5.19022, 0, 0, 0, 100, 0),
(@WPID+20, 18, 64.1088, 850.66, -24.5796, 5.19022, 0, 0, 0, 100, 0),
--
(@WPID+30, 1, 67.3596, 774.314, -24.5802, 5.19022, 0, 0, 0, 100, 0),  -- Residual Monstrosity 3
(@WPID+30, 2, 51.8217, 735.954, -24.5798, 5.19022, 0, 0, 0, 100, 0),
(@WPID+30, 3, 17.9655, 716.301, -24.5796, 4.50221, 0, 0, 0, 100, 0),
(@WPID+30, 4, -17.6352, 697.856, -24.5808, 4.50221, 0, 0, 0, 100, 0),
(@WPID+30, 5, -56.2217, 702.373, -24.5915, 4.50221, 0, 0, 0, 100, 0),
(@WPID+30, 6, -94.2593, 714.937, -24.5803, 2.80575, 0, 0, 0, 100, 0),
(@WPID+30, 7, -123.166, 740.039, -24.5803, 2.80575, 0, 0, 0, 100, 0),
(@WPID+30, 8, -143.233, 772.507, -24.5802, 2.80575, 0, 0, 0, 100, 0),
(@WPID+30, 9, -151.746, 812.023, -24.5802, 2.80575, 0, 0, 0, 100, 0),
(@WPID+30, 10, -144.839, 850.961, -24.5802, 2.80575, 0, 0, 0, 100, 0),
(@WPID+30, 11, -123.805, 883.257, -24.5803, 2.80575, 0, 0, 0, 100, 0),
(@WPID+30, 12, -92.5066, 908.067, -24.5796, 2.80575, 0, 0, 0, 100, 0),
(@WPID+30, 13, -58.7163, 921.933, -24.5796, 2.80575, 0, 0, 0, 100, 0),
(@WPID+30, 14, -20.9416, 925.498, -24.5802, 2.80575, 0, 0, 0, 100, 0),
(@WPID+30, 15, 20.1434, 910.762, -24.5802, 2.80575, 0, 0, 0, 100, 0),
(@WPID+30, 16, 46.989, 881.837, -24.5796, 5.19022, 0, 0, 0, 100, 0),
(@WPID+30, 17, 64.1088, 850.66, -24.5796, 5.19022, 0, 0, 0, 100, 0),
(@WPID+30, 18, 72.168, 814.964, -24.5796, 5.19022, 0, 0, 0, 100, 0),
--
(@WPID+40, 1, 51.8217, 735.954, -24.5798, 5.19022, 0, 0, 0, 100, 0),  -- Residual Monstrosity 4
(@WPID+40, 2, 17.9655, 716.301, -24.5796, 4.50221, 0, 0, 0, 100, 0),
(@WPID+40, 3, -17.6352, 697.856, -24.5808, 4.50221, 0, 0, 0, 100, 0),
(@WPID+40, 4, -56.2217, 702.373, -24.5915, 4.50221, 0, 0, 0, 100, 0),
(@WPID+40, 5, -94.2593, 714.937, -24.5803, 2.80575, 0, 0, 0, 100, 0),
(@WPID+40, 6, -123.166, 740.039, -24.5803, 2.80575, 0, 0, 0, 100, 0),
(@WPID+40, 7, -143.233, 772.507, -24.5802, 2.80575, 0, 0, 0, 100, 0),
(@WPID+40, 8, -151.746, 812.023, -24.5802, 2.80575, 0, 0, 0, 100, 0),
(@WPID+40, 9, -144.839, 850.961, -24.5802, 2.80575, 0, 0, 0, 100, 0),
(@WPID+40, 10, -123.805, 883.257, -24.5803, 2.80575, 0, 0, 0, 100, 0),
(@WPID+40, 11, -92.5066, 908.067, -24.5796, 2.80575, 0, 0, 0, 100, 0),
(@WPID+40, 12, -58.7163, 921.933, -24.5796, 2.80575, 0, 0, 0, 100, 0),
(@WPID+40, 13, -20.9416, 925.498, -24.5802, 2.80575, 0, 0, 0, 100, 0),
(@WPID+40, 14, 20.1434, 910.762, -24.5802, 2.80575, 0, 0, 0, 100, 0),
(@WPID+40, 15, 46.989, 881.837, -24.5796, 5.19022, 0, 0, 0, 100, 0),
(@WPID+40, 16, 64.1088, 850.66, -24.5796, 5.19022, 0, 0, 0, 100, 0),
(@WPID+40, 17, 72.168, 814.964, -24.5796, 5.19022, 0, 0, 0, 100, 0),
(@WPID+40, 18, 67.3596, 774.314, -24.5802, 5.19022, 0, 0, 0, 100, 0),
--
(@WPID+50, 1, 17.9655, 716.301, -24.5796, 4.50221, 0, 0, 0, 100, 0),  -- Residual Monstrosity 5
(@WPID+50, 2, -17.6352, 697.856, -24.5808, 4.50221, 0, 0, 0, 100, 0),
(@WPID+50, 3, -56.2217, 702.373, -24.5915, 4.50221, 0, 0, 0, 100, 0),
(@WPID+50, 4, -94.2593, 714.937, -24.5803, 2.80575, 0, 0, 0, 100, 0),
(@WPID+50, 5, -123.166, 740.039, -24.5803, 2.80575, 0, 0, 0, 100, 0),
(@WPID+50, 6, -143.233, 772.507, -24.5802, 2.80575, 0, 0, 0, 100, 0),
(@WPID+50, 7, -151.746, 812.023, -24.5802, 2.80575, 0, 0, 0, 100, 0),
(@WPID+50, 8, -144.839, 850.961, -24.5802, 2.80575, 0, 0, 0, 100, 0),
(@WPID+50, 9, -123.805, 883.257, -24.5803, 2.80575, 0, 0, 0, 100, 0),
(@WPID+50, 10, -92.5066, 908.067, -24.5796, 2.80575, 0, 0, 0, 100, 0),
(@WPID+50, 11, -58.7163, 921.933, -24.5796, 2.80575, 0, 0, 0, 100, 0),
(@WPID+50, 12, -20.9416, 925.498, -24.5802, 2.80575, 0, 0, 0, 100, 0),
(@WPID+50, 13, 20.1434, 910.762, -24.5802, 2.80575, 0, 0, 0, 100, 0),
(@WPID+50, 14, 46.989, 881.837, -24.5796, 5.19022, 0, 0, 0, 100, 0),
(@WPID+50, 15, 64.1088, 850.66, -24.5796, 5.19022, 0, 0, 0, 100, 0),
(@WPID+50, 16, 72.168, 814.964, -24.5796, 5.19022, 0, 0, 0, 100, 0),
(@WPID+50, 17, 67.3596, 774.314, -24.5802, 5.19022, 0, 0, 0, 100, 0),
(@WPID+50, 18, 51.8217, 735.954, -24.5798, 5.19022, 0, 0, 0, 100, 0),
--
(@WPID+60, 1, -17.6352, 697.856, -24.5808, 4.50221, 0, 0, 0, 100, 0), -- Residual Monstrosity 6
(@WPID+60, 2, -56.2217, 702.373, -24.5915, 4.50221, 0, 0, 0, 100, 0),
(@WPID+60, 3, -94.2593, 714.937, -24.5803, 2.80575, 0, 0, 0, 100, 0),
(@WPID+60, 4, -123.166, 740.039, -24.5803, 2.80575, 0, 0, 0, 100, 0),
(@WPID+60, 5, -143.233, 772.507, -24.5802, 2.80575, 0, 0, 0, 100, 0),
(@WPID+60, 6, -151.746, 812.023, -24.5802, 2.80575, 0, 0, 0, 100, 0),
(@WPID+60, 7, -144.839, 850.961, -24.5802, 2.80575, 0, 0, 0, 100, 0),
(@WPID+60, 8, -123.805, 883.257, -24.5803, 2.80575, 0, 0, 0, 100, 0),
(@WPID+60, 9, -92.5066, 908.067, -24.5796, 2.80575, 0, 0, 0, 100, 0),
(@WPID+60, 10, -58.7163, 921.933, -24.5796, 2.80575, 0, 0, 0, 100, 0),
(@WPID+60, 11, -20.9416, 925.498, -24.5802, 2.80575, 0, 0, 0, 100, 0),
(@WPID+60, 12, 20.1434, 910.762, -24.5802, 2.80575, 0, 0, 0, 100, 0),
(@WPID+60, 13, 46.989, 881.837, -24.5796, 5.19022, 0, 0, 0, 100, 0),
(@WPID+60, 14, 64.1088, 850.66, -24.5796, 5.19022, 0, 0, 0, 100, 0),
(@WPID+60, 15, 72.168, 814.964, -24.5796, 5.19022, 0, 0, 0, 100, 0),
(@WPID+60, 16, 67.3596, 774.314, -24.5802, 5.19022, 0, 0, 0, 100, 0),
(@WPID+60, 17, 51.8217, 735.954, -24.5798, 5.19022, 0, 0, 0, 100, 0),
(@WPID+60, 18, 17.9655, 716.301, -24.5796, 4.50221, 0, 0, 0, 100, 0),
--
(@WPID+70, 1, -56.2217, 702.373, -24.5915, 4.50221, 0, 0, 0, 100, 0), -- Residual Monstrosity 7
(@WPID+70, 2, -94.2593, 714.937, -24.5803, 2.80575, 0, 0, 0, 100, 0),
(@WPID+70, 3, -123.166, 740.039, -24.5803, 2.80575, 0, 0, 0, 100, 0),
(@WPID+70, 4, -143.233, 772.507, -24.5802, 2.80575, 0, 0, 0, 100, 0),
(@WPID+70, 5, -151.746, 812.023, -24.5802, 2.80575, 0, 0, 0, 100, 0),
(@WPID+70, 6, -144.839, 850.961, -24.5802, 2.80575, 0, 0, 0, 100, 0),
(@WPID+70, 7, -123.805, 883.257, -24.5803, 2.80575, 0, 0, 0, 100, 0),
(@WPID+70, 8, -92.5066, 908.067, -24.5796, 2.80575, 0, 0, 0, 100, 0),
(@WPID+70, 9, -58.7163, 921.933, -24.5796, 2.80575, 0, 0, 0, 100, 0),
(@WPID+70, 10, -20.9416, 925.498, -24.5802, 2.80575, 0, 0, 0, 100, 0),
(@WPID+70, 11, 20.1434, 910.762, -24.5802, 2.80575, 0, 0, 0, 100, 0),
(@WPID+70, 12, 46.989, 881.837, -24.5796, 5.19022, 0, 0, 0, 100, 0),
(@WPID+70, 13, 64.1088, 850.66, -24.5796, 5.19022, 0, 0, 0, 100, 0),
(@WPID+70, 14, 72.168, 814.964, -24.5796, 5.19022, 0, 0, 0, 100, 0),
(@WPID+70, 15, 67.3596, 774.314, -24.5802, 5.19022, 0, 0, 0, 100, 0),
(@WPID+70, 16, 51.8217, 735.954, -24.5798, 5.19022, 0, 0, 0, 100, 0),
(@WPID+70, 17, 17.9655, 716.301, -24.5796, 4.50221, 0, 0, 0, 100, 0),
(@WPID+70, 18, -17.6352, 697.856, -24.5808, 4.50221, 0, 0, 0, 100, 0),
--
(@WPID+80, 1, -94.2593, 714.937, -24.5803, 2.80575, 0, 0, 0, 100, 0), -- Residual Monstrosity 8
(@WPID+80, 2, -123.166, 740.039, -24.5803, 2.80575, 0, 0, 0, 100, 0),
(@WPID+80, 3, -143.233, 772.507, -24.5802, 2.80575, 0, 0, 0, 100, 0),
(@WPID+80, 4, -151.746, 812.023, -24.5802, 2.80575, 0, 0, 0, 100, 0),
(@WPID+80, 5, -144.839, 850.961, -24.5802, 2.80575, 0, 0, 0, 100, 0),
(@WPID+80, 6, -123.805, 883.257, -24.5803, 2.80575, 0, 0, 0, 100, 0),
(@WPID+80, 7, -92.5066, 908.067, -24.5796, 2.80575, 0, 0, 0, 100, 0),
(@WPID+80, 8, -58.7163, 921.933, -24.5796, 2.80575, 0, 0, 0, 100, 0),
(@WPID+80, 9, -20.9416, 925.498, -24.5802, 2.80575, 0, 0, 0, 100, 0),
(@WPID+80, 10, 20.1434, 910.762, -24.5802, 2.80575, 0, 0, 0, 100, 0),
(@WPID+80, 11, 46.989, 881.837, -24.5796, 5.19022, 0, 0, 0, 100, 0),
(@WPID+80, 12, 64.1088, 850.66, -24.5796, 5.19022, 0, 0, 0, 100, 0),
(@WPID+80, 13, 72.168, 814.964, -24.5796, 5.19022, 0, 0, 0, 100, 0),
(@WPID+80, 14, 67.3596, 774.314, -24.5802, 5.19022, 0, 0, 0, 100, 0),
(@WPID+80, 15, 51.8217, 735.954, -24.5798, 5.19022, 0, 0, 0, 100, 0),
(@WPID+80, 16, 17.9655, 716.301, -24.5796, 4.50221, 0, 0, 0, 100, 0),
(@WPID+80, 17, -17.6352, 697.856, -24.5808, 4.50221, 0, 0, 0, 100, 0),
(@WPID+80, 18, -56.2217, 702.373, -24.5915, 4.50221, 0, 0, 0, 100, 0),
--
(@WPID+90, 1, -123.166, 740.039, -24.5803, 2.80575, 0, 0, 0, 100, 0), -- Residual Monstrosity 9
(@WPID+90, 2, -143.233, 772.507, -24.5802, 2.80575, 0, 0, 0, 100, 0),
(@WPID+90, 3, -151.746, 812.023, -24.5802, 2.80575, 0, 0, 0, 100, 0),
(@WPID+90, 4, -144.839, 850.961, -24.5802, 2.80575, 0, 0, 0, 100, 0),
(@WPID+90, 5, -123.805, 883.257, -24.5803, 2.80575, 0, 0, 0, 100, 0),
(@WPID+90, 6, -92.5066, 908.067, -24.5796, 2.80575, 0, 0, 0, 100, 0),
(@WPID+90, 7, -58.7163, 921.933, -24.5796, 2.80575, 0, 0, 0, 100, 0),
(@WPID+90, 8, -20.9416, 925.498, -24.5802, 2.80575, 0, 0, 0, 100, 0),
(@WPID+90, 9, 20.1434, 910.762, -24.5802, 2.80575, 0, 0, 0, 100, 0),
(@WPID+90, 10, 46.989, 881.837, -24.5796, 5.19022, 0, 0, 0, 100, 0),
(@WPID+90, 11, 64.1088, 850.66, -24.5796, 5.19022, 0, 0, 0, 100, 0),
(@WPID+90, 12, 72.168, 814.964, -24.5796, 5.19022, 0, 0, 0, 100, 0),
(@WPID+90, 13, 67.3596, 774.314, -24.5802, 5.19022, 0, 0, 0, 100, 0),
(@WPID+90, 14, 51.8217, 735.954, -24.5798, 5.19022, 0, 0, 0, 100, 0),
(@WPID+90, 15, 17.9655, 716.301, -24.5796, 4.50221, 0, 0, 0, 100, 0),
(@WPID+90, 16, -17.6352, 697.856, -24.5808, 4.50221, 0, 0, 0, 100, 0),
(@WPID+90, 17, -56.2217, 702.373, -24.5915, 4.50221, 0, 0, 0, 100, 0),
(@WPID+90, 18, -94.2593, 714.937, -24.5803, 2.80575, 0, 0, 0, 100, 0),
--
(@WPID+100, 1, -143.233, 772.507, -24.5802, 2.80575, 0, 0, 0, 100, 0), -- Residual Monstrosity 10
(@WPID+100, 2, -151.746, 812.023, -24.5802, 2.80575, 0, 0, 0, 100, 0),
(@WPID+100, 3, -144.839, 850.961, -24.5802, 2.80575, 0, 0, 0, 100, 0),
(@WPID+100, 4, -123.805, 883.257, -24.5803, 2.80575, 0, 0, 0, 100, 0),
(@WPID+100, 5, -92.5066, 908.067, -24.5796, 2.80575, 0, 0, 0, 100, 0),
(@WPID+100, 6, -58.7163, 921.933, -24.5796, 2.80575, 0, 0, 0, 100, 0),
(@WPID+100, 7, -20.9416, 925.498, -24.5802, 2.80575, 0, 0, 0, 100, 0),
(@WPID+100, 8, 20.1434, 910.762, -24.5802, 2.80575, 0, 0, 0, 100, 0),
(@WPID+100, 9, 46.989, 881.837, -24.5796, 5.19022, 0, 0, 0, 100, 0),
(@WPID+100, 10, 64.1088, 850.66, -24.5796, 5.19022, 0, 0, 0, 100, 0),
(@WPID+100, 11, 72.168, 814.964, -24.5796, 5.19022, 0, 0, 0, 100, 0),
(@WPID+100, 12, 67.3596, 774.314, -24.5802, 5.19022, 0, 0, 0, 100, 0),
(@WPID+100, 13, 51.8217, 735.954, -24.5798, 5.19022, 0, 0, 0, 100, 0),
(@WPID+100, 14, 17.9655, 716.301, -24.5796, 4.50221, 0, 0, 0, 100, 0),
(@WPID+100, 15, -17.6352, 697.856, -24.5808, 4.50221, 0, 0, 0, 100, 0),
(@WPID+100, 16, -56.2217, 702.373, -24.5915, 4.50221, 0, 0, 0, 100, 0),
(@WPID+100, 17, -94.2593, 714.937, -24.5803, 2.80575, 0, 0, 0, 100, 0),
(@WPID+100, 18, -123.166, 740.039, -24.5803, 2.80575, 0, 0, 0, 100, 0),
--
(@WPID+110, 1, -151.746, 812.023, -24.5802, 2.80575, 0, 0, 0, 100, 0), -- Residual Monstrosity 11
(@WPID+110, 2, -144.839, 850.961, -24.5802, 2.80575, 0, 0, 0, 100, 0),
(@WPID+110, 3, -123.805, 883.257, -24.5803, 2.80575, 0, 0, 0, 100, 0),
(@WPID+110, 4, -92.5066, 908.067, -24.5796, 2.80575, 0, 0, 0, 100, 0),
(@WPID+110, 5, -58.7163, 921.933, -24.5796, 2.80575, 0, 0, 0, 100, 0),
(@WPID+110, 6, -20.9416, 925.498, -24.5802, 2.80575, 0, 0, 0, 100, 0),
(@WPID+110, 7, 20.1434, 910.762, -24.5802, 2.80575, 0, 0, 0, 100, 0),
(@WPID+110, 8, 46.989, 881.837, -24.5796, 5.19022, 0, 0, 0, 100, 0),
(@WPID+110, 9, 64.1088, 850.66, -24.5796, 5.19022, 0, 0, 0, 100, 0),
(@WPID+110, 10, 72.168, 814.964, -24.5796, 5.19022, 0, 0, 0, 100, 0),
(@WPID+110, 11, 67.3596, 774.314, -24.5802, 5.19022, 0, 0, 0, 100, 0),
(@WPID+110, 12, 51.8217, 735.954, -24.5798, 5.19022, 0, 0, 0, 100, 0),
(@WPID+110, 13, 17.9655, 716.301, -24.5796, 4.50221, 0, 0, 0, 100, 0),
(@WPID+110, 14, -17.6352, 697.856, -24.5808, 4.50221, 0, 0, 0, 100, 0),
(@WPID+110, 15, -56.2217, 702.373, -24.5915, 4.50221, 0, 0, 0, 100, 0),
(@WPID+110, 16, -94.2593, 714.937, -24.5803, 2.80575, 0, 0, 0, 100, 0),
(@WPID+110, 17, -123.166, 740.039, -24.5803, 2.80575, 0, 0, 0, 100, 0),
(@WPID+110, 18, -143.233, 772.507, -24.5802, 2.80575, 0, 0, 0, 100, 0),
--
(@WPID+120, 1, -144.839, 850.961, -24.5802, 2.80575, 0, 0, 0, 100, 0), -- Residual Monstrosity 12
(@WPID+120, 2, -123.805, 883.257, -24.5803, 2.80575, 0, 0, 0, 100, 0),
(@WPID+120, 3, -92.5066, 908.067, -24.5796, 2.80575, 0, 0, 0, 100, 0),
(@WPID+120, 4, -58.7163, 921.933, -24.5796, 2.80575, 0, 0, 0, 100, 0),
(@WPID+120, 5, -20.9416, 925.498, -24.5802, 2.80575, 0, 0, 0, 100, 0),
(@WPID+120, 6, 20.1434, 910.762, -24.5802, 2.80575, 0, 0, 0, 100, 0),
(@WPID+120, 7, 46.989, 881.837, -24.5796, 5.19022, 0, 0, 0, 100, 0),
(@WPID+120, 8, 64.1088, 850.66, -24.5796, 5.19022, 0, 0, 0, 100, 0),
(@WPID+120, 9, 72.168, 814.964, -24.5796, 5.19022, 0, 0, 0, 100, 0),
(@WPID+120, 10, 67.3596, 774.314, -24.5802, 5.19022, 0, 0, 0, 100, 0),
(@WPID+120, 11, 51.8217, 735.954, -24.5798, 5.19022, 0, 0, 0, 100, 0),
(@WPID+120, 12, 17.9655, 716.301, -24.5796, 4.50221, 0, 0, 0, 100, 0),
(@WPID+120, 13, -17.6352, 697.856, -24.5808, 4.50221, 0, 0, 0, 100, 0),
(@WPID+120, 14, -56.2217, 702.373, -24.5915, 4.50221, 0, 0, 0, 100, 0),
(@WPID+120, 15, -94.2593, 714.937, -24.5803, 2.80575, 0, 0, 0, 100, 0),
(@WPID+120, 16, -123.166, 740.039, -24.5803, 2.80575, 0, 0, 0, 100, 0),
(@WPID+120, 17, -143.233, 772.507, -24.5802, 2.80575, 0, 0, 0, 100, 0),
(@WPID+120, 18, -151.746, 812.023, -24.5802, 2.80575, 0, 0, 0, 100, 0),
--
(@WPID+130, 1, -123.805, 883.257, -24.5803, 2.80575, 0, 0, 0, 100, 0), -- Residual Monstrosity 13
(@WPID+130, 2, -92.5066, 908.067, -24.5796, 2.80575, 0, 0, 0, 100, 0),
(@WPID+130, 3, -58.7163, 921.933, -24.5796, 2.80575, 0, 0, 0, 100, 0),
(@WPID+130, 4, -20.9416, 925.498, -24.5802, 2.80575, 0, 0, 0, 100, 0),
(@WPID+130, 5, 20.1434, 910.762, -24.5802, 2.80575, 0, 0, 0, 100, 0),
(@WPID+130, 6, 46.989, 881.837, -24.5796, 5.19022, 0, 0, 0, 100, 0),
(@WPID+130, 7, 64.1088, 850.66, -24.5796, 5.19022, 0, 0, 0, 100, 0),
(@WPID+130, 8, 72.168, 814.964, -24.5796, 5.19022, 0, 0, 0, 100, 0),
(@WPID+130, 9, 67.3596, 774.314, -24.5802, 5.19022, 0, 0, 0, 100, 0),
(@WPID+130, 10, 51.8217, 735.954, -24.5798, 5.19022, 0, 0, 0, 100, 0),
(@WPID+130, 11, 17.9655, 716.301, -24.5796, 4.50221, 0, 0, 0, 100, 0),
(@WPID+130, 12, -17.6352, 697.856, -24.5808, 4.50221, 0, 0, 0, 100, 0),
(@WPID+130, 13, -56.2217, 702.373, -24.5915, 4.50221, 0, 0, 0, 100, 0),
(@WPID+130, 14, -94.2593, 714.937, -24.5803, 2.80575, 0, 0, 0, 100, 0),
(@WPID+130, 15, -123.166, 740.039, -24.5803, 2.80575, 0, 0, 0, 100, 0),
(@WPID+130, 16, -143.233, 772.507, -24.5802, 2.80575, 0, 0, 0, 100, 0),
(@WPID+130, 17, -151.746, 812.023, -24.5802, 2.80575, 0, 0, 0, 100, 0),
(@WPID+130, 18, -144.839, 850.961, -24.5802, 2.80575, 0, 0, 0, 100, 0),
--
(@WPID+140, 1, -92.5066, 908.067, -24.5796, 2.80575, 0, 0, 0, 100, 0), -- Residual Monstrosity 14
(@WPID+140, 2, -58.7163, 921.933, -24.5796, 2.80575, 0, 0, 0, 100, 0),
(@WPID+140, 3, -20.9416, 925.498, -24.5802, 2.80575, 0, 0, 0, 100, 0),
(@WPID+140, 4, 20.1434, 910.762, -24.5802, 2.80575, 0, 0, 0, 100, 0),
(@WPID+140, 5, 46.989, 881.837, -24.5796, 5.19022, 0, 0, 0, 100, 0),
(@WPID+140, 6, 64.1088, 850.66, -24.5796, 5.19022, 0, 0, 0, 100, 0),
(@WPID+140, 7, 72.168, 814.964, -24.5796, 5.19022, 0, 0, 0, 100, 0),
(@WPID+140, 8, 67.3596, 774.314, -24.5802, 5.19022, 0, 0, 0, 100, 0),
(@WPID+140, 9, 51.8217, 735.954, -24.5798, 5.19022, 0, 0, 0, 100, 0),
(@WPID+140, 10, 17.9655, 716.301, -24.5796, 4.50221, 0, 0, 0, 100, 0),
(@WPID+140, 11, -17.6352, 697.856, -24.5808, 4.50221, 0, 0, 0, 100, 0),
(@WPID+140, 12, -56.2217, 702.373, -24.5915, 4.50221, 0, 0, 0, 100, 0),
(@WPID+140, 13, -94.2593, 714.937, -24.5803, 2.80575, 0, 0, 0, 100, 0),
(@WPID+140, 14, -123.166, 740.039, -24.5803, 2.80575, 0, 0, 0, 100, 0),
(@WPID+140, 15, -143.233, 772.507, -24.5802, 2.80575, 0, 0, 0, 100, 0),
(@WPID+140, 16, -151.746, 812.023, -24.5802, 2.80575, 0, 0, 0, 100, 0),
(@WPID+140, 17, -144.839, 850.961, -24.5802, 2.80575, 0, 0, 0, 100, 0),
(@WPID+140, 18, -123.805, 883.257, -24.5803, 2.80575, 0, 0, 0, 100, 0),
--
(@WPID+150, 1, -58.7163, 921.933, -24.5796, 2.80575, 0, 0, 0, 100, 0), -- Residual Monstrosity 15
(@WPID+150, 2, -20.9416, 925.498, -24.5802, 2.80575, 0, 0, 0, 100, 0),
(@WPID+150, 3, 20.1434, 910.762, -24.5802, 2.80575, 0, 0, 0, 100, 0),
(@WPID+150, 4, 46.989, 881.837, -24.5796, 5.19022, 0, 0, 0, 100, 0),
(@WPID+150, 5, 64.1088, 850.66, -24.5796, 5.19022, 0, 0, 0, 100, 0),
(@WPID+150, 6, 72.168, 814.964, -24.5796, 5.19022, 0, 0, 0, 100, 0),
(@WPID+150, 7, 67.3596, 774.314, -24.5802, 5.19022, 0, 0, 0, 100, 0),
(@WPID+150, 8, 51.8217, 735.954, -24.5798, 5.19022, 0, 0, 0, 100, 0),
(@WPID+150, 9, 17.9655, 716.301, -24.5796, 4.50221, 0, 0, 0, 100, 0),
(@WPID+150, 10, -17.6352, 697.856, -24.5808, 4.50221, 0, 0, 0, 100, 0),
(@WPID+150, 11, -56.2217, 702.373, -24.5915, 4.50221, 0, 0, 0, 100, 0),
(@WPID+150, 12, -94.2593, 714.937, -24.5803, 2.80575, 0, 0, 0, 100, 0),
(@WPID+150, 13, -123.166, 740.039, -24.5803, 2.80575, 0, 0, 0, 100, 0),
(@WPID+150, 14, -143.233, 772.507, -24.5802, 2.80575, 0, 0, 0, 100, 0),
(@WPID+150, 15, -151.746, 812.023, -24.5802, 2.80575, 0, 0, 0, 100, 0),
(@WPID+150, 16, -144.839, 850.961, -24.5802, 2.80575, 0, 0, 0, 100, 0),
(@WPID+150, 17, -123.805, 883.257, -24.5803, 2.80575, 0, 0, 0, 100, 0),
(@WPID+150, 18, -92.5066, 908.067, -24.5796, 2.80575, 0, 0, 0, 100, 0),
--
(@WPID+160, 1, -20.9416, 925.498, -24.5802, 2.80575, 0, 0, 0, 100, 0), -- Residual Monstrosity 16
(@WPID+160, 2, 20.1434, 910.762, -24.5802, 2.80575, 0, 0, 0, 100, 0),
(@WPID+160, 3, 46.989, 881.837, -24.5796, 5.19022, 0, 0, 0, 100, 0),
(@WPID+160, 4, 64.1088, 850.66, -24.5796, 5.19022, 0, 0, 0, 100, 0),
(@WPID+160, 5, 72.168, 814.964, -24.5796, 5.19022, 0, 0, 0, 100, 0),
(@WPID+160, 6, 67.3596, 774.314, -24.5802, 5.19022, 0, 0, 0, 100, 0),
(@WPID+160, 7, 51.8217, 735.954, -24.5798, 5.19022, 0, 0, 0, 100, 0),
(@WPID+160, 8, 17.9655, 716.301, -24.5796, 4.50221, 0, 0, 0, 100, 0),
(@WPID+160, 9, -17.6352, 697.856, -24.5808, 4.50221, 0, 0, 0, 100, 0),
(@WPID+160, 10, -56.2217, 702.373, -24.5915, 4.50221, 0, 0, 0, 100, 0),
(@WPID+160, 11, -94.2593, 714.937, -24.5803, 2.80575, 0, 0, 0, 100, 0),
(@WPID+160, 12, -123.166, 740.039, -24.5803, 2.80575, 0, 0, 0, 100, 0),
(@WPID+160, 13, -143.233, 772.507, -24.5802, 2.80575, 0, 0, 0, 100, 0),
(@WPID+160, 14, -151.746, 812.023, -24.5802, 2.80575, 0, 0, 0, 100, 0),
(@WPID+160, 15, -144.839, 850.961, -24.5802, 2.80575, 0, 0, 0, 100, 0),
(@WPID+160, 16, -123.805, 883.257, -24.5803, 2.80575, 0, 0, 0, 100, 0),
(@WPID+160, 17, -92.5066, 908.067, -24.5796, 2.80575, 0, 0, 0, 100, 0),
(@WPID+160, 18, -58.7163, 921.933, -24.5796, 2.80575, 0, 0, 0, 100, 0),
--
(@WPID+170, 1, 20.1434, 910.762, -24.5802, 2.80575, 0, 0, 0, 100, 0), -- Residual Monstrosity 17
(@WPID+170, 2, 46.989, 881.837, -24.5796, 5.19022, 0, 0, 0, 100, 0),
(@WPID+170, 3, 64.1088, 850.66, -24.5796, 5.19022, 0, 0, 0, 100, 0),
(@WPID+170, 4, 72.168, 814.964, -24.5796, 5.19022, 0, 0, 0, 100, 0),
(@WPID+170, 5, 67.3596, 774.314, -24.5802, 5.19022, 0, 0, 0, 100, 0),
(@WPID+170, 6, 51.8217, 735.954, -24.5798, 5.19022, 0, 0, 0, 100, 0),
(@WPID+170, 7, 17.9655, 716.301, -24.5796, 4.50221, 0, 0, 0, 100, 0),
(@WPID+170, 8, -17.6352, 697.856, -24.5808, 4.50221, 0, 0, 0, 100, 0),
(@WPID+170, 9, -56.2217, 702.373, -24.5915, 4.50221, 0, 0, 0, 100, 0),
(@WPID+170, 10, -94.2593, 714.937, -24.5803, 2.80575, 0, 0, 0, 100, 0),
(@WPID+170, 11, -123.166, 740.039, -24.5803, 2.80575, 0, 0, 0, 100, 0),
(@WPID+170, 12, -143.233, 772.507, -24.5802, 2.80575, 0, 0, 0, 100, 0),
(@WPID+170, 13, -151.746, 812.023, -24.5802, 2.80575, 0, 0, 0, 100, 0),
(@WPID+170, 14, -144.839, 850.961, -24.5802, 2.80575, 0, 0, 0, 100, 0),
(@WPID+170, 15, -123.805, 883.257, -24.5803, 2.80575, 0, 0, 0, 100, 0),
(@WPID+170, 16, -92.5066, 908.067, -24.5796, 2.80575, 0, 0, 0, 100, 0),
(@WPID+170, 17, -58.7163, 921.933, -24.5796, 2.80575, 0, 0, 0, 100, 0),
(@WPID+170, 18, -20.9416, 925.498, -24.5802, 2.80575, 0, 0, 0, 100, 0),
--
(@WPID+180, 1, 46.989, 881.837, -24.5796, 5.19022, 0, 0, 0, 100, 0), -- Residual Monstrosity 18
(@WPID+180, 2, 64.1088, 850.66, -24.5796, 5.19022, 0, 0, 0, 100, 0),
(@WPID+180, 3, 72.168, 814.964, -24.5796, 5.19022, 0, 0, 0, 100, 0),
(@WPID+180, 4, 67.3596, 774.314, -24.5802, 5.19022, 0, 0, 0, 100, 0),
(@WPID+180, 5, 51.8217, 735.954, -24.5798, 5.19022, 0, 0, 0, 100, 0),
(@WPID+180, 6, 17.9655, 716.301, -24.5796, 4.50221, 0, 0, 0, 100, 0),
(@WPID+180, 7, -17.6352, 697.856, -24.5808, 4.50221, 0, 0, 0, 100, 0),
(@WPID+180, 8, -56.2217, 702.373, -24.5915, 4.50221, 0, 0, 0, 100, 0),
(@WPID+180, 9, -94.2593, 714.937, -24.5803, 2.80575, 0, 0, 0, 100, 0),
(@WPID+180, 10, -123.166, 740.039, -24.5803, 2.80575, 0, 0, 0, 100, 0),
(@WPID+180, 11, -143.233, 772.507, -24.5802, 2.80575, 0, 0, 0, 100, 0),
(@WPID+180, 12, -151.746, 812.023, -24.5802, 2.80575, 0, 0, 0, 100, 0),
(@WPID+180, 13, -144.839, 850.961, -24.5802, 2.80575, 0, 0, 0, 100, 0),
(@WPID+180, 14, -123.805, 883.257, -24.5803, 2.80575, 0, 0, 0, 100, 0),
(@WPID+180, 15, -92.5066, 908.067, -24.5796, 2.80575, 0, 0, 0, 100, 0),
(@WPID+180, 16, -58.7163, 921.933, -24.5796, 2.80575, 0, 0, 0, 100, 0),
(@WPID+180, 17, -20.9416, 925.498, -24.5802, 2.80575, 0, 0, 0, 100, 0),
(@WPID+180, 18, 20.1434, 910.762, -24.5802, 2.80575, 0, 0, 0, 100, 0);

/* Warlock Quest: Dreadsteed of Xoroth */
SET @OGUID   := 653000;

DELETE FROM `gameobject` WHERE `guid` IN (99785, 99786, 99787); -- remove permament spawns of Doomsday Candle, Wheel of the Black March and Bell of Dethmoora
UPDATE `quest_template_addon` SET `SpecialFlags` = 2 WHERE `ID` = 7631; -- QUEST_SPECIAL_FLAGS_EXPLORATION_OR_EVENT
UPDATE `gameobject_template_addon` SET `faction`= 35 WHERE `entry` IN (179672, 179673, 179674);
UPDATE `gameobject_template` SET `size` = 2 WHERE `entry` IN  (179669, 179670, 179671);
UPDATE `creature_template` SET `unit_flags` = 0, `flags_extra` = 128, `faction` = 1375 WHERE `entry` = 14501;
UPDATE `creature_template` SET `unit_flags` = 514, `flags_extra` = 2 WHERE `entry` = 14504;

UPDATE `gameobject_template` SET `AIName`= 'SmartGameObjectAI' WHERE `entry` IN (179672, 179673, 179674);
DELETE FROM `smart_scripts` WHERE `source_type` = 1 AND `entryorguid` IN (179672, 179673, 179674);
DELETE FROM `smart_scripts` WHERE `source_type` = 9 AND `entryorguid` IN (17967200, 17967300, 17967400);
INSERT INTO `smart_scripts` (`entryorguid`, `source_type`, `id`, `link`, `event_type`, `event_phase_mask`, `event_chance`, `event_flags`, 
`event_param1`, `event_param2`, `event_param3`, `event_param4`, `event_param5`, `event_param6`, 
`action_type`, `action_param1`, `action_param2`, `action_param3`, `action_param4`, `action_param5`, `action_param6`, 
`target_type`, `target_param1`, `target_param2`, `target_param3`, `target_param4`, `target_x`, `target_y`, `target_z`, `target_o`, `comment`) VALUES
--
(179672, 1, 0, 0, 70, 0, 100, 0, 2, 0, 0, 0, 0, 0, 80, 17967200, 2, 1, 0, 0, 0, 1, 0, 0, 0, 0, 0, 0, 0, 0,             'Wheel of the Black March - On State Changed - Run Script'), -- reduce damage taken by 100
(179673, 1, 0, 0, 70, 0, 100, 0, 2, 0, 0, 0, 0, 0, 80, 17967300, 2, 1, 0, 0, 0, 1, 0, 0, 0, 0, 0, 0, 0, 0,             'Doomsday Candle          - On State Changed - Run Script'), -- deal 250 dmg
(179674, 1, 0, 0, 70, 0, 100, 0, 2, 0, 0, 0, 0, 0, 80, 17967400, 2, 1, 0, 0, 0, 1, 0, 0, 0, 0, 0, 0, 0, 0,             'Bell of Dethmoora        - On State Changed - Run Script'), -- gives 150 mana
--
(17967200, 9,  0, 0, 0, 0, 100, 0, 0, 0, 0, 0, 0, 0, 104, 1, 0, 0, 0, 0, 0, 1, 0, 0, 0, 0, 0, 0, 0, 0,                 'Wheel of the Black March - Script - Set Data to Ritual Bunny'),
(17967200, 9,  1, 0, 0, 0, 100, 0, 0, 0, 0, 0, 0, 0, 45, 1, 1, 0, 0, 0, 0, 19, 14501, 0, 0, 0, 0, 0, 0, 0,             'Wheel of the Black March - Script - Set Data to Ritual Bunny'),
(17967200, 9,  2, 0, 0, 0, 100, 0, 5000, 5000, 0, 0, 0, 0, 45, 1, 1, 0, 0, 0, 0, 19, 14501, 30, 0, 0, 0, 0, 0, 0,      'Wheel of the Black March - Script - Set Data to Ritual Bunny'),
(17967200, 9,  3, 0, 0, 0, 100, 0, 5000, 5000, 0, 0, 0, 0, 45, 1, 1, 0, 0, 0, 0, 19, 14501, 30, 0, 0, 0, 0, 0, 0,      'Wheel of the Black March - Script - Set Data to Ritual Bunny'),
(17967200, 9,  4, 0, 0, 0, 100, 0, 5000, 5000, 0, 0, 0, 0, 45, 1, 1, 0, 0, 0, 0, 19, 14501, 30, 0, 0, 0, 0, 0, 0,      'Wheel of the Black March - Script - Set Data to Ritual Bunny'),
(17967200, 9,  5, 0, 0, 0, 100, 0, 5000, 5000, 0, 0, 0, 0, 45, 1, 1, 0, 0, 0, 0, 19, 14501, 30, 0, 0, 0, 0, 0, 0,      'Wheel of the Black March - Script - Set Data to Ritual Bunny'),
(17967200, 9,  6, 0, 0, 0, 100, 0, 5000, 5000, 0, 0, 0, 0, 45, 1, 1, 0, 0, 0, 0, 19, 14501, 30, 0, 0, 0, 0, 0, 0,      'Wheel of the Black March - Script - Set Data to Ritual Bunny'),
(17967200, 9,  7, 0, 0, 0, 100, 0, 5000, 5000, 0, 0, 0, 0, 45, 1, 1, 0, 0, 0, 0, 19, 14501, 30, 0, 0, 0, 0, 0, 0,      'Wheel of the Black March - Script - Set Data to Ritual Bunny'),
(17967200, 9,  8, 0, 0, 0, 100, 0, 5000, 5000, 0, 0, 0, 0, 45, 1, 1, 0, 0, 0, 0, 19, 14501, 30, 0, 0, 0, 0, 0, 0,      'Wheel of the Black March - Script - Set Data to Ritual Bunny'),
(17967200, 9,  9, 0, 0, 0, 100, 0, 5000, 5000, 0, 0, 0, 0, 45, 1, 1, 0, 0, 0, 0, 19, 14501, 30, 0, 0, 0, 0, 0, 0,      'Wheel of the Black March - Script - Set Data to Ritual Bunny'),
(17967200, 9, 10, 0, 0, 0, 100, 0, 5000, 5000, 0, 0, 0, 0, 45, 1, 1, 0, 0, 0, 0, 19, 14501, 30, 0, 0, 0, 0, 0, 0,      'Wheel of the Black March - Script - Set Data to Ritual Bunny'),
(17967200, 9, 11, 0, 0, 0, 100, 0, 5000, 5000, 0, 0, 0, 0, 45, 1, 1, 0, 0, 0, 0, 19, 14501, 30, 0, 0, 0, 0, 0, 0,      'Wheel of the Black March - Script - Set Data to Ritual Bunny'),
(17967200, 9, 12, 0, 0, 0, 100, 0, 5000, 5000, 0, 0, 0, 0, 45, 1, 1, 0, 0, 0, 0, 19, 14501, 30, 0, 0, 0, 0, 0, 0,      'Wheel of the Black March - Script - Set Data to Ritual Bunny'),
(17967200, 9, 13, 0, 0, 0, 100, 0, 5000, 5000, 0, 0, 0, 0, 45, 1, 1, 0, 0, 0, 0, 19, 14501, 30, 0, 0, 0, 0, 0, 0,      'Wheel of the Black March - Script - Set Data to Ritual Bunny'),
(17967200, 9, 14, 0, 0, 0, 100, 0, 5000, 5000, 0, 0, 0, 0, 45, 1, 1, 0, 0, 0, 0, 19, 14501, 30, 0, 0, 0, 0, 0, 0,      'Wheel of the Black March - Script - Set Data to Ritual Bunny'),
(17967200, 9, 15, 0, 0, 0, 100, 0, 5000, 5000, 0, 0, 0, 0, 45, 1, 1, 0, 0, 0, 0, 19, 14501, 30, 0, 0, 0, 0, 0, 0,      'Wheel of the Black March - Script - Set Data to Ritual Bunny'),
(17967200, 9, 16, 0, 0, 0, 100, 0, 5000, 5000, 0, 0, 0, 0, 45, 1, 1, 0, 0, 0, 0, 19, 14501, 30, 0, 0, 0, 0, 0, 0,      'Wheel of the Black March - Script - Set Data to Ritual Bunny'),
(17967200, 9, 17, 0, 0, 0, 100, 0, 5000, 5000, 0, 0, 0, 0, 45, 1, 1, 0, 0, 0, 0, 19, 14501, 30, 0, 0, 0, 0, 0, 0,      'Wheel of the Black March - Script - Set Data to Ritual Bunny'),
(17967200, 9, 18, 0, 0, 0, 100, 0, 5000, 5000, 0, 0, 0, 0, 45, 1, 1, 0, 0, 0, 0, 19, 14501, 30, 0, 0, 0, 0, 0, 0,      'Wheel of the Black March - Script - Set Data to Ritual Bunny'),
(17967200, 9, 19, 0, 0, 0, 100, 0, 5000, 5000, 0, 0, 0, 0, 45, 1, 1, 0, 0, 0, 0, 19, 14501, 30, 0, 0, 0, 0, 0, 0,      'Wheel of the Black March - Script - Set Data to Ritual Bunny'),
(17967200, 9, 20, 0, 0, 0, 100, 0, 5000, 5000, 0, 0, 0, 0, 45, 1, 1, 0, 0, 0, 0, 19, 14501, 30, 0, 0, 0, 0, 0, 0,      'Wheel of the Black March - Script - Set Data to Ritual Bunny'),
(17967200, 9, 21, 0, 0, 0, 100, 0, 5000, 5000, 0, 0, 0, 0, 45, 1, 1, 0, 0, 0, 0, 19, 14501, 30, 0, 0, 0, 0, 0, 0,      'Wheel of the Black March - Script - Set Data to Ritual Bunny'),
(17967200, 9, 22, 0, 0, 0, 100, 0, 5000, 5000, 0, 0, 0, 0, 45, 1, 1, 0, 0, 0, 0, 19, 14501, 30, 0, 0, 0, 0, 0, 0,      'Wheel of the Black March - Script - Set Data to Ritual Bunny'),
(17967200, 9, 23, 0, 0, 0, 100, 0, 5000, 5000, 0, 0, 0, 0, 45, 1, 1, 0, 0, 0, 0, 19, 14501, 30, 0, 0, 0, 0, 0, 0,      'Wheel of the Black March - Script - Set Data to Ritual Bunny'),
(17967200, 9, 24, 0, 0, 0, 100, 0, 5000, 5000, 0, 0, 0, 0, 45, 1, 1, 0, 0, 0, 0, 19, 14501, 30, 0, 0, 0, 0, 0, 0,      'Wheel of the Black March - Script - Set Data to Ritual Bunny'),
(17967200, 9, 25, 0, 0, 0, 100, 0, 5000, 5000, 0, 0, 0, 0, 45, 1, 1, 0, 0, 0, 0, 19, 14501, 30, 0, 0, 0, 0, 0, 0,      'Wheel of the Black March - Script - Set Data to Ritual Bunny'),
(17967200, 9, 26, 0, 0, 0, 100, 0, 5000, 5000, 0, 0, 0, 0, 45, 1, 1, 0, 0, 0, 0, 19, 14501, 30, 0, 0, 0, 0, 0, 0,      'Wheel of the Black March - Script - Set Data to Ritual Bunny'),
(17967200, 9, 27, 0, 0, 0, 100, 0, 5000, 5000, 0, 0, 0, 0, 45, 1, 1, 0, 0, 0, 0, 19, 14501, 30, 0, 0, 0, 0, 0, 0,      'Wheel of the Black March - Script - Set Data to Ritual Bunny'),
(17967200, 9, 28, 0, 0, 0, 100, 0, 0, 0, 0, 0, 0, 0, 118, 1, 0, 0, 0, 0, 0, 1, 0, 0, 0, 0, 0, 0, 0, 0,                 'Wheel of the Black March - Script - Set GO state 1'),
(17967200, 9, 29, 0, 0, 0, 100, 0, 3000, 3000, 0, 0, 0, 0, 50, 179672, 600000, 1, 0, 0, 0, 1, 0, 0, 0, 0, 0, 0, 0, 0,  'Wheel of the Black March - Script - Spawn GO'),
(17967200, 9, 30, 0, 0, 0, 100, 0, 0, 0, 0, 0, 0, 0, 41, 0, 0, 1, 0, 0, 0, 1, 0, 0, 0, 0, 0, 0, 0, 0,                  'Wheel of the Black March - Script - Despawn GO'),
--
(17967300, 9,  0, 0, 0, 0, 100, 0, 0, 0, 0, 0, 0, 0, 104, 1, 0, 0, 0, 0, 0, 1, 0, 0, 0, 0, 0, 0, 0, 0,                 'Doomsday Candle - Script - Set Data to Ritual Bunny'),
(17967300, 9,  1, 0, 0, 0, 100, 0, 0, 0, 0, 0, 0, 0, 45, 2, 2, 0, 0, 0, 0, 19, 14501, 0, 0, 0, 0, 0, 0, 0,             'Doomsday Candle - Script - Set Data to Ritual Bunny'),
(17967300, 9,  2, 0, 0, 0, 100, 0, 5000, 5000, 0, 0, 0, 0, 45, 2, 2, 0, 0, 0, 0, 19, 14501, 30, 0, 0, 0, 0, 0, 0,      'Doomsday Candle - Script - Set Data to Ritual Bunny'),
(17967300, 9,  3, 0, 0, 0, 100, 0, 5000, 5000, 0, 0, 0, 0, 45, 2, 2, 0, 0, 0, 0, 19, 14501, 30, 0, 0, 0, 0, 0, 0,      'Doomsday Candle - Script - Set Data to Ritual Bunny'),
(17967300, 9,  4, 0, 0, 0, 100, 0, 5000, 5000, 0, 0, 0, 0, 45, 2, 2, 0, 0, 0, 0, 19, 14501, 30, 0, 0, 0, 0, 0, 0,      'Doomsday Candle - Script - Set Data to Ritual Bunny'),
(17967300, 9,  5, 0, 0, 0, 100, 0, 5000, 5000, 0, 0, 0, 0, 45, 2, 2, 0, 0, 0, 0, 19, 14501, 30, 0, 0, 0, 0, 0, 0,      'Doomsday Candle - Script - Set Data to Ritual Bunny'),
(17967300, 9,  6, 0, 0, 0, 100, 0, 5000, 5000, 0, 0, 0, 0, 45, 2, 2, 0, 0, 0, 0, 19, 14501, 30, 0, 0, 0, 0, 0, 0,      'Doomsday Candle - Script - Set Data to Ritual Bunny'),
(17967300, 9,  7, 0, 0, 0, 100, 0, 5000, 5000, 0, 0, 0, 0, 45, 2, 2, 0, 0, 0, 0, 19, 14501, 30, 0, 0, 0, 0, 0, 0,      'Doomsday Candle - Script - Set Data to Ritual Bunny'),
(17967300, 9,  8, 0, 0, 0, 100, 0, 5000, 5000, 0, 0, 0, 0, 45, 2, 2, 0, 0, 0, 0, 19, 14501, 30, 0, 0, 0, 0, 0, 0,      'Doomsday Candle - Script - Set Data to Ritual Bunny'),
(17967300, 9,  9, 0, 0, 0, 100, 0, 5000, 5000, 0, 0, 0, 0, 45, 2, 2, 0, 0, 0, 0, 19, 14501, 30, 0, 0, 0, 0, 0, 0,      'Doomsday Candle - Script - Set Data to Ritual Bunny'),
(17967300, 9, 10, 0, 0, 0, 100, 0, 5000, 5000, 0, 0, 0, 0, 45, 2, 2, 0, 0, 0, 0, 19, 14501, 30, 0, 0, 0, 0, 0, 0,      'Doomsday Candle - Script - Set Data to Ritual Bunny'),
(17967300, 9, 11, 0, 0, 0, 100, 0, 5000, 5000, 0, 0, 0, 0, 45, 2, 2, 0, 0, 0, 0, 19, 14501, 30, 0, 0, 0, 0, 0, 0,      'Doomsday Candle - Script - Set Data to Ritual Bunny'),
(17967300, 9, 12, 0, 0, 0, 100, 0, 5000, 5000, 0, 0, 0, 0, 45, 2, 2, 0, 0, 0, 0, 19, 14501, 30, 0, 0, 0, 0, 0, 0,      'Doomsday Candle - Script - Set Data to Ritual Bunny'),
(17967300, 9, 13, 0, 0, 0, 100, 0, 5000, 5000, 0, 0, 0, 0, 45, 2, 2, 0, 0, 0, 0, 19, 14501, 30, 0, 0, 0, 0, 0, 0,      'Doomsday Candle - Script - Set Data to Ritual Bunny'),
(17967300, 9, 14, 0, 0, 0, 100, 0, 5000, 5000, 0, 0, 0, 0, 45, 2, 2, 0, 0, 0, 0, 19, 14501, 30, 0, 0, 0, 0, 0, 0,      'Doomsday Candle - Script - Set Data to Ritual Bunny'),
(17967300, 9, 15, 0, 0, 0, 100, 0, 5000, 5000, 0, 0, 0, 0, 45, 2, 2, 0, 0, 0, 0, 19, 14501, 30, 0, 0, 0, 0, 0, 0,      'Doomsday Candle - Script - Set Data to Ritual Bunny'),
(17967300, 9, 16, 0, 0, 0, 100, 0, 5000, 5000, 0, 0, 0, 0, 45, 2, 2, 0, 0, 0, 0, 19, 14501, 30, 0, 0, 0, 0, 0, 0,      'Doomsday Candle - Script - Set Data to Ritual Bunny'),
(17967300, 9, 17, 0, 0, 0, 100, 0, 5000, 5000, 0, 0, 0, 0, 45, 2, 2, 0, 0, 0, 0, 19, 14501, 30, 0, 0, 0, 0, 0, 0,      'Doomsday Candle - Script - Set Data to Ritual Bunny'),
(17967300, 9, 18, 0, 0, 0, 100, 0, 5000, 5000, 0, 0, 0, 0, 45, 2, 2, 0, 0, 0, 0, 19, 14501, 30, 0, 0, 0, 0, 0, 0,      'Doomsday Candle - Script - Set Data to Ritual Bunny'),
(17967300, 9, 19, 0, 0, 0, 100, 0, 5000, 5000, 0, 0, 0, 0, 45, 2, 2, 0, 0, 0, 0, 19, 14501, 30, 0, 0, 0, 0, 0, 0,      'Doomsday Candle - Script - Set Data to Ritual Bunny'),
(17967300, 9, 20, 0, 0, 0, 100, 0, 5000, 5000, 0, 0, 0, 0, 45, 2, 2, 0, 0, 0, 0, 19, 14501, 30, 0, 0, 0, 0, 0, 0,      'Doomsday Candle - Script - Set Data to Ritual Bunny'),
(17967300, 9, 21, 0, 0, 0, 100, 0, 5000, 5000, 0, 0, 0, 0, 45, 2, 2, 0, 0, 0, 0, 19, 14501, 30, 0, 0, 0, 0, 0, 0,      'Doomsday Candle - Script - Set Data to Ritual Bunny'),
(17967300, 9, 22, 0, 0, 0, 100, 0, 5000, 5000, 0, 0, 0, 0, 45, 2, 2, 0, 0, 0, 0, 19, 14501, 30, 0, 0, 0, 0, 0, 0,      'Doomsday Candle - Script - Set Data to Ritual Bunny'),
(17967300, 9, 23, 0, 0, 0, 100, 0, 5000, 5000, 0, 0, 0, 0, 45, 2, 2, 0, 0, 0, 0, 19, 14501, 30, 0, 0, 0, 0, 0, 0,      'Doomsday Candle - Script - Set Data to Ritual Bunny'),
(17967300, 9, 24, 0, 0, 0, 100, 0, 5000, 5000, 0, 0, 0, 0, 45, 2, 2, 0, 0, 0, 0, 19, 14501, 30, 0, 0, 0, 0, 0, 0,      'Doomsday Candle - Script - Set Data to Ritual Bunny'),
(17967300, 9, 25, 0, 0, 0, 100, 0, 5000, 5000, 0, 0, 0, 0, 45, 2, 2, 0, 0, 0, 0, 19, 14501, 30, 0, 0, 0, 0, 0, 0,      'Doomsday Candle - Script - Set Data to Ritual Bunny'),
(17967300, 9, 26, 0, 0, 0, 100, 0, 5000, 5000, 0, 0, 0, 0, 45, 2, 2, 0, 0, 0, 0, 19, 14501, 30, 0, 0, 0, 0, 0, 0,      'Doomsday Candle - Script - Set Data to Ritual Bunny'),
(17967300, 9, 27, 0, 0, 0, 100, 0, 5000, 5000, 0, 0, 0, 0, 45, 2, 2, 0, 0, 0, 0, 19, 14501, 30, 0, 0, 0, 0, 0, 0,      'Doomsday Candle - Script - Set Data to Ritual Bunny'),
(17967300, 9, 28, 0, 0, 0, 100, 0, 0, 0, 0, 0, 0, 0, 118, 1, 0, 0, 0, 0, 0, 1, 0, 0, 0, 0, 0, 0, 0, 0,                 'Doomsday Candle - Script - Set GO state 1'),
(17967300, 9, 29, 0, 0, 0, 100, 0, 3000, 3000, 0, 0, 0, 0, 50, 179673, 60000, 1, 0, 0, 0, 1, 0, 0, 0, 0, 0, 0, 0, 0,   'Doomsday Candle - Script - Spawn GO'),
(17967300, 9, 30, 0, 0, 0, 100, 0, 0, 0, 0, 0, 0, 0, 41, 0, 0, 1, 0, 0, 0, 1, 0, 0, 0, 0, 0, 0, 0, 0,                  'Doomsday Candle - Script - Despawn GO'),
--
(17967400, 9,  0, 0, 0, 0, 100, 0, 0, 0, 0, 0, 0, 0, 104, 1, 0, 0, 0, 0, 0, 1, 0, 0, 0, 0, 0, 0, 0, 0,                 'Bell of Dethmoora - Script - Set Data to Ritual Bunny'),
(17967400, 9,  1, 0, 0, 0, 100, 0, 0, 0, 0, 0, 0, 0, 45, 3, 3, 0, 0, 0, 0, 19, 14501, 0, 0, 0, 0, 0, 0, 0,             'Bell of Dethmoora - Script - Set Data to Ritual Bunny'),
(17967400, 9,  2, 0, 0, 0, 100, 0, 5000, 5000, 0, 0, 0, 0, 45, 3, 3, 0, 0, 0, 0, 19, 14501, 30, 0, 0, 0, 0, 0, 0,      'Bell of Dethmoora - Script - Set Data to Ritual Bunny'),
(17967400, 9,  3, 0, 0, 0, 100, 0, 5000, 5000, 0, 0, 0, 0, 45, 3, 3, 0, 0, 0, 0, 19, 14501, 30, 0, 0, 0, 0, 0, 0,      'Bell of Dethmoora - Script - Set Data to Ritual Bunny'),
(17967400, 9,  4, 0, 0, 0, 100, 0, 5000, 5000, 0, 0, 0, 0, 45, 3, 3, 0, 0, 0, 0, 19, 14501, 30, 0, 0, 0, 0, 0, 0,      'Bell of Dethmoora - Script - Set Data to Ritual Bunny'),
(17967400, 9,  5, 0, 0, 0, 100, 0, 5000, 5000, 0, 0, 0, 0, 45, 3, 3, 0, 0, 0, 0, 19, 14501, 30, 0, 0, 0, 0, 0, 0,      'Bell of Dethmoora - Script - Set Data to Ritual Bunny'),
(17967400, 9,  6, 0, 0, 0, 100, 0, 5000, 5000, 0, 0, 0, 0, 45, 3, 3, 0, 0, 0, 0, 19, 14501, 30, 0, 0, 0, 0, 0, 0,      'Bell of Dethmoora - Script - Set Data to Ritual Bunny'),
(17967400, 9,  7, 0, 0, 0, 100, 0, 5000, 5000, 0, 0, 0, 0, 45, 3, 3, 0, 0, 0, 0, 19, 14501, 30, 0, 0, 0, 0, 0, 0,      'Bell of Dethmoora - Script - Set Data to Ritual Bunny'),
(17967400, 9,  8, 0, 0, 0, 100, 0, 5000, 5000, 0, 0, 0, 0, 45, 3, 3, 0, 0, 0, 0, 19, 14501, 30, 0, 0, 0, 0, 0, 0,      'Bell of Dethmoora - Script - Set Data to Ritual Bunny'),
(17967400, 9,  9, 0, 0, 0, 100, 0, 5000, 5000, 0, 0, 0, 0, 45, 3, 3, 0, 0, 0, 0, 19, 14501, 30, 0, 0, 0, 0, 0, 0,      'Bell of Dethmoora - Script - Set Data to Ritual Bunny'),
(17967400, 9, 10, 0, 0, 0, 100, 0, 5000, 5000, 0, 0, 0, 0, 45, 3, 3, 0, 0, 0, 0, 19, 14501, 30, 0, 0, 0, 0, 0, 0,      'Bell of Dethmoora - Script - Set Data to Ritual Bunny'),
(17967400, 9, 11, 0, 0, 0, 100, 0, 5000, 5000, 0, 0, 0, 0, 45, 3, 3, 0, 0, 0, 0, 19, 14501, 30, 0, 0, 0, 0, 0, 0,      'Bell of Dethmoora - Script - Set Data to Ritual Bunny'),
(17967400, 9, 12, 0, 0, 0, 100, 0, 5000, 5000, 0, 0, 0, 0, 45, 3, 3, 0, 0, 0, 0, 19, 14501, 30, 0, 0, 0, 0, 0, 0,      'Bell of Dethmoora - Script - Set Data to Ritual Bunny'),
(17967400, 9, 13, 0, 0, 0, 100, 0, 5000, 5000, 0, 0, 0, 0, 45, 3, 3, 0, 0, 0, 0, 19, 14501, 30, 0, 0, 0, 0, 0, 0,      'Bell of Dethmoora - Script - Set Data to Ritual Bunny'),
(17967400, 9, 14, 0, 0, 0, 100, 0, 5000, 5000, 0, 0, 0, 0, 45, 3, 3, 0, 0, 0, 0, 19, 14501, 30, 0, 0, 0, 0, 0, 0,      'Bell of Dethmoora - Script - Set Data to Ritual Bunny'),
(17967400, 9, 15, 0, 0, 0, 100, 0, 5000, 5000, 0, 0, 0, 0, 45, 3, 3, 0, 0, 0, 0, 19, 14501, 30, 0, 0, 0, 0, 0, 0,      'Bell of Dethmoora - Script - Set Data to Ritual Bunny'),
(17967400, 9, 16, 0, 0, 0, 100, 0, 5000, 5000, 0, 0, 0, 0, 45, 3, 3, 0, 0, 0, 0, 19, 14501, 30, 0, 0, 0, 0, 0, 0,      'Bell of Dethmoora - Script - Set Data to Ritual Bunny'),
(17967400, 9, 17, 0, 0, 0, 100, 0, 5000, 5000, 0, 0, 0, 0, 45, 3, 3, 0, 0, 0, 0, 19, 14501, 30, 0, 0, 0, 0, 0, 0,      'Bell of Dethmoora - Script - Set Data to Ritual Bunny'),
(17967400, 9, 18, 0, 0, 0, 100, 0, 5000, 5000, 0, 0, 0, 0, 45, 3, 3, 0, 0, 0, 0, 19, 14501, 30, 0, 0, 0, 0, 0, 0,      'Bell of Dethmoora - Script - Set Data to Ritual Bunny'),
(17967400, 9, 19, 0, 0, 0, 100, 0, 5000, 5000, 0, 0, 0, 0, 45, 3, 3, 0, 0, 0, 0, 19, 14501, 30, 0, 0, 0, 0, 0, 0,      'Bell of Dethmoora - Script - Set Data to Ritual Bunny'),
(17967400, 9, 20, 0, 0, 0, 100, 0, 5000, 5000, 0, 0, 0, 0, 45, 3, 3, 0, 0, 0, 0, 19, 14501, 30, 0, 0, 0, 0, 0, 0,      'Bell of Dethmoora - Script - Set Data to Ritual Bunny'),
(17967400, 9, 21, 0, 0, 0, 100, 0, 5000, 5000, 0, 0, 0, 0, 45, 3, 3, 0, 0, 0, 0, 19, 14501, 30, 0, 0, 0, 0, 0, 0,      'Bell of Dethmoora - Script - Set Data to Ritual Bunny'),
(17967400, 9, 22, 0, 0, 0, 100, 0, 5000, 5000, 0, 0, 0, 0, 45, 3, 3, 0, 0, 0, 0, 19, 14501, 30, 0, 0, 0, 0, 0, 0,      'Bell of Dethmoora - Script - Set Data to Ritual Bunny'),
(17967400, 9, 23, 0, 0, 0, 100, 0, 5000, 5000, 0, 0, 0, 0, 45, 3, 3, 0, 0, 0, 0, 19, 14501, 30, 0, 0, 0, 0, 0, 0,      'Bell of Dethmoora - Script - Set Data to Ritual Bunny'),
(17967400, 9, 24, 0, 0, 0, 100, 0, 5000, 5000, 0, 0, 0, 0, 45, 3, 3, 0, 0, 0, 0, 19, 14501, 30, 0, 0, 0, 0, 0, 0,      'Bell of Dethmoora - Script - Set Data to Ritual Bunny'),
(17967400, 9, 25, 0, 0, 0, 100, 0, 5000, 5000, 0, 0, 0, 0, 45, 3, 3, 0, 0, 0, 0, 19, 14501, 30, 0, 0, 0, 0, 0, 0,      'Bell of Dethmoora - Script - Set Data to Ritual Bunny'),
(17967400, 9, 26, 0, 0, 0, 100, 0, 5000, 5000, 0, 0, 0, 0, 45, 3, 3, 0, 0, 0, 0, 19, 14501, 30, 0, 0, 0, 0, 0, 0,      'Bell of Dethmoora - Script - Set Data to Ritual Bunny'),
(17967400, 9, 27, 0, 0, 0, 100, 0, 5000, 5000, 0, 0, 0, 0, 45, 3, 3, 0, 0, 0, 0, 19, 14501, 30, 0, 0, 0, 0, 0, 0,      'Bell of Dethmoora - Script - Set Data to Ritual Bunny'),
(17967400, 9, 28, 0, 0, 0, 100, 0, 0, 0, 0, 0, 0, 0, 118, 1, 0, 0, 0, 0, 0, 1, 0, 0, 0, 0, 0, 0, 0, 0,                 'Bell of Dethmoora - Script - Set GO state 1'),
(17967400, 9, 29, 0, 0, 0, 100, 0, 3000, 3000, 0, 0, 0, 0, 50, 179674, 600000, 1, 0, 0, 0, 1, 0, 0, 0, 0, 0, 0, 0, 0,  'Bell of Dethmoora - Script - Spawn GO'),
(17967400, 9, 30, 0, 0, 0, 100, 0, 0, 0, 0, 0, 0, 0, 41, 0, 0, 1, 0, 0, 0, 1, 0, 0, 0, 0, 0, 0, 0, 0,                  'Bell of Dethmoora - Script - Despawn GO');

UPDATE `creature_template` SET `AIName` = 'SmartAI' WHERE `entry` IN (14482, 14483, 14500, 14501, 14502, 14504, 14506);
DELETE FROM `smart_scripts` WHERE `source_type` = 0 AND `entryorguid` IN (14482, 14483, 14500, 14501, 14502, 14504, 14506);
INSERT INTO `smart_scripts` (`entryorguid`, `source_type`, `id`, `link`, `event_type`, `event_phase_mask`, `event_chance`, `event_flags`, 
`event_param1`, `event_param2`, `event_param3`, `event_param4`, `event_param5`, `event_param6`, 
`action_type`, `action_param1`, `action_param2`, `action_param3`, `action_param4`, `action_param5`, `action_param6`, 
`target_type`, `target_param1`, `target_param2`, `target_param3`, `target_param4`, `target_x`, `target_y`, `target_z`, `target_o`, `comment`) VALUES
--
(14482, 0, 0, 1, 54, 0, 100, 0, 0, 0, 0, 0, 0, 0, 49, 0, 0, 0, 0, 0, 0, 21, 100, 0, 0, 0, 0, 0, 0, 0,                  'Xorothian Imp - On Just Summoned - Start Attack'),
(14482, 0, 1, 0, 61, 0, 100, 0, 0, 0, 0, 0, 0, 0, 38, 0, 0, 0, 0, 0, 0, 1, 0, 0, 0, 0, 0, 0, 0, 0,                     'Xorothian Imp - On Just Summoned - Set in combat with zone'),
(14483, 0, 0, 0, 0, 0, 100, 2, 6000, 10000, 9000, 12000, 0, 0, 11, 15284, 1, 0, 0, 0, 0, 2, 0, 0, 0, 0, 0, 0, 0, 0,    'Dread Guard - In Combat - Cast Cleave'),
(14483, 0, 1, 0, 0, 0, 100, 2, 9000, 12000, 7000, 12000, 0, 0, 11, 18663, 0, 0, 0, 0, 0, 2, 0, 0, 0, 0, 0, 0, 0, 0,    'Dread Guard - In Combat - Cast Shadow Shock'),
(14483, 0, 2, 3, 54, 0, 100, 0, 0, 0, 0, 0, 0, 0, 38, 0, 0, 0, 0, 0, 0, 1, 0, 0, 0, 0, 0, 0, 0, 0,                     'Dread Guard - On Just Summoned - Set in combat with zone'),
(14483, 0, 3, 0, 61, 0, 100, 0, 0, 0, 0, 0, 0, 0, 49, 0, 0, 0, 0, 0, 0, 21, 100, 0, 0, 0, 0, 0, 0, 0,                  'Dread Guard - On Just Summoned - Start Attack'),
--
(14500, 0, 0, 0, 54, 0, 100, 512, 0, 0, 0, 0, 0, 0, 80, 1450000, 2, 0, 0, 0, 0, 1, 0, 0, 0, 0, 0, 0, 0, 0,             'J\'eevee - On just summoned - Action list'),
(14500, 0, 1, 0, 40, 0, 100, 512, 2, 14500, 0, 0, 0, 0, 54, 3000, 0, 0, 0, 0, 0, 1, 0, 0, 0, 0, 0, 0, 0, 0,            'J\'eevee - On wp02 reached - Pause wp'),
(14500, 0, 2, 0, 40, 0, 100, 0, 2, 14500, 0, 0, 0, 0, 1, 1, 3000, 0, 0, 0, 0, 1, 0, 0, 0, 0, 0, 0, 0, 0,               'J\'eevee - On wp02 reached - Say text 2'),
(14500, 0, 3, 0, 40, 0, 100, 512, 7, 14500, 0, 0, 0, 0, 54, 4000, 0, 0, 0, 0, 0, 1, 0, 0, 0, 0, 0, 0, 0, 0,            'J\'eevee - On wp07 reached - Pause wp'),
(14500, 0, 4, 0, 40, 0, 100, 0, 8, 14500, 0, 0, 0, 0, 1, 2, 4000, 0, 0, 0, 0, 1, 0, 0, 0, 0, 0, 0, 0, 0,               'J\'eevee - On wp07 reached - Say text 3'),
(14500, 0, 5, 0, 40, 0, 100, 512, 11, 14500, 0, 0, 0, 0, 54, 4000, 0, 0, 0, 0, 0, 1, 0, 0, 0, 0, 0, 0, 0, 0,           'J\'eevee - On wp11 reached - Pause wp'),
(14500, 0, 6, 0, 40, 0, 100, 512, 12, 14500, 0, 0, 0, 0, 80, 1450001, 2, 0, 0, 0, 0, 1, 0, 0, 0, 0, 0, 0, 0, 0,        'J\'eevee - On wp12 reached - Action list'),
(14500, 0, 7, 0, 54, 0, 100, 512, 0, 0, 0, 0, 0, 0, 80, 1450002, 2, 0, 0, 0, 0, 1, 0, 0, 0, 0, 0, 0, 0, 0,             'J\'eevee - On just summoned - Run Script'),
--
(14501, 0, 0, 0, 38, 0, 100, 0, 1, 1, 0, 0, 0, 0, 11, 23120, 2, 7, 0, 0, 0, 1, 0, 0, 0, 0, 0, 0, 0, 0,                 'Warlock mount ritual bunny - On Data Set - Cast Black March Blessing'),
(14501, 0, 1, 0, 38, 0, 100, 0, 2, 2, 0, 0, 0, 0, 11, 23226, 2, 7, 0, 0, 0, 1, 0, 0, 0, 0, 0, 0, 0, 0,                 'Warlock mount ritual bunny - On Data Set - Cast Ritual Candle Aura'),
(14501, 0, 2, 0, 38, 0, 100, 0, 3, 3, 0, 0, 0, 0, 11, 23117, 2, 7, 0, 0, 0, 1, 0, 0, 0, 0, 0, 0, 0, 0,                 'Warlock mount ritual bunny - On Data Set - Cast Ritual Bell Aura'),
(14501, 0, 3, 4, 11, 0, 100, 0, 0, 0, 0, 0, 0, 0, 47, 0, 0, 0, 0, 0, 0, 1, 0, 0, 0, 0, 0, 0, 0, 0,                     'Warlock mount ritual bunny - On Just Summoned - Set Invisible'),
(14501, 0, 4, 0, 61, 0, 100, 0, 0, 0, 0, 0, 0, 0, 2, 35, 0, 0, 0, 0, 0, 1, 0, 0, 0, 0, 0, 0, 0, 0,                     'Warlock mount ritual bunny - On Just Summoned - Set Faction Friendly'),
--
(14502, 0, 0, 1, 54, 0, 100, 0, 0, 0, 0, 0, 0, 0, 18, 768, 0, 0, 0, 0, 0, 1, 0, 0, 0, 0, 0, 0, 0, 0,                   'Xorothian Dreadsteed - On Just summoned - Set Immune'),
(14502, 0, 1, 0, 61, 0, 100, 0, 0, 0, 0, 0, 0, 0, 41, 0, 0, 1, 0, 0, 0, 14, 99784, 179668, 0, 0, 0, 0, 0, 0,           'Xorothian Dreadsteed - On Just summoned - Remove Warlock Mount Ritual Circle'),
(14502, 0, 2, 0, 4, 0, 100, 3, 0, 0, 0, 0, 0, 0, 11, 16636, 0, 0, 0, 0, 0, 1, 0, 0, 0, 0, 0, 0, 0, 0,                  'Xorothian Dreadsteed - On Aggro - Cast Berserker Charge'),
(14502, 0, 3, 0, 0, 0, 100, 2, 4000, 8000, 20000, 25000, 0, 0, 11, 22713, 0, 0, 0, 0, 0, 5, 20, 0, 0, 0, 0, 0, 0, 0,   'Xorothian Dreadsteed - In Combat - Cast Flame Buffet'),
(14502, 0, 4, 5, 1, 0, 100, 1, 6000, 6000, 0, 0, 0, 0, 47, 1, 0, 0, 0, 0, 0, 1, 0, 0, 0, 0, 0, 0, 0, 0,                'Xorothian Dreadsteed - OOC - Set Visible'),
(14502, 0, 5, 0, 61, 0, 100, 1, 0, 0, 0, 0, 0, 0, 19, 768, 0, 0, 0, 0, 0, 1, 0, 0, 0, 0, 0, 0, 0, 0,                   'Xorothian Dreadsteed - OOC - Remove Immune'),
(14502, 0, 6, 0, 2, 0, 100, 1, 0, 50, 0, 0, 0, 0, 12, 14506, 1, 36000, 0, 0, 0, 1, 0, 0, 0, 0, 0, 0, 0, 0,             'Xorothian Dreadsteed - On 80% HP - Summon Hel Nurath'),
(14502, 0, 7, 8, 6, 0, 100, 515, 0, 0, 0, 0, 0, 0, 11, 23159, 3, 7, 0, 0, 0, 1, 0, 0, 0, 0, 0, 0, 0, 0,                'Xorothian Dreadsteed - On Just Died - Cast Summon Dreadsteed Spirit'),
(14502, 0, 8, 0, 61, 0, 100, 0, 0, 0, 0, 0, 0, 0, 15, 7631, 0, 0, 0, 0, 0, 16, 0, 0, 0, 0, 0, 0, 0, 0,                 'Xorothian Dreadsteed - On Just Died - Credit Dreadsteed of Xoroth'),
--
(14504, 0, 0, 0, 1, 0, 100, 0, 5000, 5000, 30000, 30000, 0, 0, 89, 5, 0, 0, 0, 0, 0, 1, 0, 0, 0, 0, 0, 0, 0, 0,        'Dreadsteed Spirit - OOC - Random Movement'),
--
(14506, 0, 0, 0, 0, 0, 100, 2, 5000, 9000, 22000, 25000, 0, 0, 11, 17146, 32, 0, 0, 0, 0, 2, 0, 0, 0, 0, 0, 0, 0, 0,   'Lord Hel\'nurath - In Combat - Cast Shadow Word: Pain'),
(14506, 0, 1, 0, 0, 0, 100, 2, 11000, 14000, 14000, 20000, 0, 0, 11, 23224, 1, 0, 0, 0, 0, 2, 0, 0, 0, 0, 0, 0, 0, 0,  'Lord Hel\'nurath - In Combat - Cast Veil of Shadow'),
(14506, 0, 2, 0, 0, 0, 100, 2, 4000, 9000, 9000, 15000, 0, 0, 11, 18670, 0, 0, 0, 0, 0, 5, 10, 0, 0, 0, 0, 0, 0, 0,    'Lord Hel\'nurath - In Combat - Cast Knock Away'),
(14506, 0, 3, 0, 0, 0, 100, 2, 9000, 13000, 14000, 17000, 0, 0, 11, 20989, 33, 0, 0, 0, 0, 6, 30, 0, 0, 0, 0, 0, 0, 0, 'Lord Hel\'nurath - In Combat - Cast Sleep'),
(14506, 0, 4, 0, 54, 0, 100, 0, 0, 0, 0, 0, 0, 0, 1, 0, 0, 0, 0, 0, 0, 1, 0, 0, 0, 0, 0, 0, 0, 0,                      'Lord Hel\'nurath - On Just Summoned - Say text 0');

DELETE FROM `smart_scripts` WHERE `source_type` = 9 AND `entryorguid` IN (1450002);
INSERT INTO `smart_scripts` (`entryorguid`, `source_type`, `id`, `link`, `event_type`, `event_phase_mask`, `event_chance`, `event_flags`, 
`event_param1`, `event_param2`, `event_param3`, `event_param4`, `event_param5`, `event_param6`, 
`action_type`, `action_param1`, `action_param2`, `action_param3`, `action_param4`, `action_param5`, `action_param6`, 
`target_type`, `target_param1`, `target_param2`, `target_param3`, `target_param4`, `target_x`, `target_y`, `target_z`, `target_o`, `comment`) VALUES
--
(1450002, 9,  0, 0, 0, 0, 100, 512, 0, 0, 0, 0, 0, 0, 1, 4, 0, 0, 0, 0, 0, 1, 0, 0, 0, 0, 0, 0, 0, 0,                                            'J\'eevee - Script - Say Line 4'),
(1450002, 9,  1, 0, 0, 0, 100, 512, 3000, 3000, 0, 0, 0, 0, 1, 5, 0, 0, 0, 0, 0, 1, 0, 0, 0, 0, 0, 0, 0, 0,                                      'J\'eevee - Script - Say Line 5'),
(1450002, 9,  2, 0, 0, 0, 100, 512, 0, 0, 0, 0, 0, 0, 59, 1, 0, 0, 0, 0, 0, 1, 0, 0, 0, 0, 0, 0, 0, 0,                                           'J\'eevee - Script - Turn Run On'),
(1450002, 9,  3, 0, 0, 0, 100, 512, 0, 0, 0, 0, 0, 0, 69, 1, 0, 0, 0, 0, 0, 8, 0, 0, 0, 0, -25.1555, 809.829, -29.5358, 2.8889,                  'J\'eevee - Script - Move to Position'),
(1450002, 9,  4, 0, 0, 0, 100, 512, 3000, 3000, 0, 0, 0, 0, 50, 179674, 600000, 1, 0, 0, 0, 8, 0, 0, 0, 0, -25.1555, 809.829, -29.5358, 2.8889,  'J\'eevee - Script - Summon Bell'),
(1450002, 9,  5, 0, 0, 0, 100, 512, 2000, 2000, 0, 0, 0, 0, 1, 6, 0, 0, 0, 0, 0, 1, 0, 0, 0, 0, 0, 0, 0, 0,                                      'J\'eevee - Script - Say Line 6'),
(1450002, 9,  6, 0, 0, 0, 100, 512, 0, 0, 0, 0, 0, 0, 69, 1, 0, 0, 0, 0, 0, 8, 0, 0, 0, 0, -43.5413, 825.938, -29.5358, 5.0605,                  'J\'eevee - Script - Move to Position'),
(1450002, 9,  7, 0, 0, 0, 100, 512, 3000, 3000, 0, 0, 0, 0, 50, 179672, 600000, 1, 0, 0, 0, 8, 0, 0, 0, 0, -43.5413, 825.938, -29.5358, 5.0605,  'J\'eevee - Script - Summon Wheel'),
(1450002, 9,  8, 0, 0, 0, 100, 512, 2000, 2000, 0, 0, 0, 0, 1, 7, 0, 0, 0, 0, 0, 1, 0, 0, 0, 0, 0, 0, 0, 0,                                      'J\'eevee - Script - Say Line 7'),
(1450002, 9,  9, 0, 0, 0, 100, 512, 0, 0, 0, 0, 0, 0, 69, 1, 0, 0, 0, 0, 0, 8, 0, 0, 0, 0, -47.5403, 802.247, -29.5358, 4.0199,                  'J\'eevee - Script - Move to Position'),
(1450002, 9, 10, 0, 0, 0, 100, 512, 3000, 3000, 0, 0, 0, 0, 50, 179673, 600000, 1, 0, 0, 0, 8, 0, 0, 0, 0, -47.5403, 802.247, -29.5358, 4.0199,  'J\'eevee - Script - Summon Candle'),
(1450002, 9, 11, 0, 0, 0, 100, 512, 2000, 2000, 0, 0, 0, 0, 24, 0, 0, 0, 0, 0, 0, 1, 0, 0, 0, 0, 0, 0, 0, 0,                                     'J\'eevee - Script - Evade'),
(1450002, 9, 12, 0, 0, 0, 100, 512, 2000, 2000, 0, 0, 0, 0, 1, 8, 0, 0, 0, 0, 0, 23, 0, 0, 0, 0, 0, 0, 0, 0,                                     'J\'eevee - Script - Say Line 8'),
(1450002, 9, 13, 0, 0, 0, 100, 512, 10000, 10000, 0, 0, 0, 0, 47, 0, 0, 0, 0, 0, 0, 1, 0, 0, 0, 0, 0, 0, 0, 0,                                   'J\'eevee - Script - Set Invisible'),
(1450002, 9, 14, 0, 0, 0, 100, 512, 0, 0, 0, 0, 0, 0, 2, 35, 0, 0, 0, 0, 0, 1, 0, 0, 0, 0, 0, 0, 0, 0,                                           'J\'eevee - Script - Set Faction Friendly');

DELETE FROM `creature_text` WHERE `CreatureID` IN (14500, 14506); 
INSERT INTO `creature_text` (`CreatureID`, `GroupID`, `ID`, `Text`, `Type`, `Language`, `Probability`, `Emote`, `Duration`, `Sound`, `BroadcastTextId`, `TextRange`, `comment`) VALUES
--
(14500, 0, 0, 'Ah, here we are! Well let\'s get to work, shall we...?', 12, 0, 100, 0, 0, 0, 9769, 0, 'J\'eevee'),
(14500, 1, 0, 'Oh, right! Over here now...', 12, 0, 100, 0, 0, 0, 9770, 0, 'J\'eevee'),
(14500, 2, 0, 'And now... the final step!', 12, 0, 100, 0, 0, 0, 9771, 0, 'J\'eevee'),
(14500, 3, 0, 'I\'m finished. The parchment is made. Now, return to Gorzeeki...', 12, 0, 100, 0, 0, 0, 9742, 0, 'J\'eevee'),
(14500, 4, 0, 'Ah, freedom!  Although brief, so sweet it is...', 14, 0, 100, 0, 0, 0, 9705, 0, 'J\'eevee'),
(14500, 5, 0, 'Well duties call, yes?  First, the bell... to give you vigor!', 12, 0, 100, 0, 0, 0, 9702, 0, 'J\'eevee'),
(14500, 6, 0, "Next, I'll place the wheel... to protect you from harm.", 12, 0, 100, 0, 0, 0, 9703, 0, 'J\'eevee'),
(14500, 7, 0, "And finally the candle... to burn those who would thwart you!", 12, 0, 100, 0, 0, 0, 9704, 0, 'J\'eevee'),
(14500, 8, 0, "$n, my duties are complete and I shall now take my leave.  Luck to you my $g fellow:lady;, and remember to keep the Bell, Wheel and Candle working!", 12, 0, 100, 0, 0, 0, 9706, 0, 'J\'eevee'),
(14506, 0, 0, "Who dares steal my precious mount?  You will pay for your insolence, mortal!", 14, 0, 100, 0, 0, 0, 9727, 0, 'Lord Hel\'nurath');

DELETE FROM `event_scripts` WHERE `id` = 8420;
INSERT INTO `event_scripts` (`id`, `delay`, `command`, `datalong`, `datalong2`, `dataint`, `x`, `y`, `z`, `o`) VALUES
--
(8420,   0, 10, 14500, 1445000, 0, -38.8, 812.69, -29.53, 0),  -- J\'eevee
(8420,   0, 10, 14501, 1445000, 0, -37.94, 812.81, -29.45, 0), -- Warlock Mount Ritual Mob - 1445,000 ms despawn
(8420,  35,  9, 99784, 1410, 0, 0, 0, 0, 0),                   -- 179668 = Warlock Mount Ritual Circle - 1410 seconds despawn
--
(8420,  35,  9, @OGUID+101, 410, 0, 0, 0, 0, 0),              -- Summoning Portals
(8420,  35,  9, @OGUID+102, 410, 0, 0, 0, 0, 0),
(8420,  35,  9, @OGUID+103, 410, 0, 0, 0, 0, 0),
(8420,  35,  9, @OGUID+104, 410, 0, 0, 0, 0, 0),
(8420,  35,  9, @OGUID+105, 410, 0, 0, 0, 0, 0),
(8420,  35,  9, @OGUID+106, 410, 0, 0, 0, 0, 0),
(8420,  35,  9, @OGUID+107, 410, 0, 0, 0, 0, 0),
(8420,  35,  9, @OGUID+108, 410, 0, 0, 0, 0, 0),
(8420,  35,  9, @OGUID+109, 410, 0, 0, 0, 0, 0),
(8420,  35,  9, @OGUID+110, 410, 0, 0, 0, 0, 0),
(8420,  35,  9, @OGUID+111, 410, 0, 0, 0, 0, 0),
(8420,  35,  9, @OGUID+112, 410, 0, 0, 0, 0, 0),
(8420,  35,  9, @OGUID+113, 410, 0, 0, 0, 0, 0),
(8420,  35,  9, @OGUID+114, 410, 0, 0, 0, 0, 0),
(8420,  35,  9, @OGUID+115, 410, 0, 0, 0, 0, 0),
(8420,  35,  9, @OGUID+116, 410, 0, 0, 0, 0, 0),
(8420,  35,  9, @OGUID+117, 410, 0, 0, 0, 0, 0),
(8420,  35,  9, @OGUID+118, 410, 0, 0, 0, 0, 0),
--
(8420,  35, 10, 14482, 1000000, 0, -101.297, 823.417, -28.4163, 6.08438),  -- portal 1
(8420,  35, 10, 14482, 1000000, 0, -93.8763, 779.921, -28.3179, 0.515906), -- portal 3
(8420,  35, 10, 14482, 1000000, 0, -60.041, 751.992, -28.2167, 1.22277),   -- portal 5
(8420,  35, 10, 14482, 1000000, 0, -15.8785, 751.977, -28.1839, 1.89036),  -- portal 7
(8420,  35, 10, 14482, 1000000, 0, 17.888, 782.132, -28.3403, 2.58545),    -- portal 9
(8420,  35, 10, 14482, 1000000, 0, 24.354, 824.619, -28.3903, 3.25854),    -- portal 11
(8420,  35, 10, 14482, 1000000, 0, 2.0333, 863.479, -28.1891, 4.0243),     -- portal 13
(8420,  35, 10, 14482, 1000000, 0, -40.0954, 877.854, -28.1817, 4.73116),  -- portal 15
(8420,  35, 10, 14482, 1000000, 0, -80.7216, 862.218, -28.2547, 5.37126),  -- portal 17
--
(8420,  60, 10, 14482, 1000000, 0, -101.031, 799.681, -28.4503, 0.150696), -- portal 2
(8420,  60, 10, 14482, 1000000, 0, -79.4683, 763.098, -28.2475, 0.845775), -- portal 4
(8420,  60, 10, 14482, 1000000, 0, -37.2637, 747.892, -28.1232, 1.49766),  -- portal 6
(8420,  60, 10, 14482, 1000000, 0, 3.15252, 763.516, -28.2177, 2.27521),   -- portal 8
(8420,  60, 10, 14482, 1000000, 0, 24.4288, 802.138, -28.3785, 2.90904),   -- portal 10
(8420,  60, 10, 14482, 1000000, 0, 16.5093, 846.31, -28.2808, 3.65517),    -- portal 12
(8420,  60, 10, 14482, 1000000, 0, -17.6461, 874.355, -28.1959, 4.28348),  -- portal 14
(8420,  60, 10, 14482, 1000000, 0, -62.9614, 873.05, -28.2525, 5.06888),   -- portal 16
(8420,  60, 10, 14482, 1000000, 0, -93.5993, 845.833, -28.371, 5.68149),   -- portal 18
--
(8420,  85,  9, 99782, 1360, 0, 0, 0, 0, 0),                               -- 179669 = Warlock Mount Quest Symbol 1
(8420,  90, 10, 14482, 1000000, 0, -101.297, 823.417, -28.4163, 6.08438),  -- portal 1
(8420,  90, 10, 14482, 1000000, 0, -79.4683, 763.098, -28.2475, 0.845775), -- portal 4
(8420,  90, 10, 14483, 3000000, 0, -15.8785, 751.977, -28.1839, 1.89036),  -- portal 7
(8420, 110, 10, 14482, 1000000, 0, 24.4288, 802.138, -28.3785, 2.90904),   -- portal 10
(8420, 110, 10, 14482, 1000000, 0, 2.0333, 863.479, -28.1891, 4.0243),     -- portal 13
(8420, 110, 10, 14482, 1000000, 0, -62.9614, 873.05, -28.2525, 5.06888),   -- portal 16
--	
(8420, 130,  9, 99781, 1315, 0, 0, 0, 0, 0),                               -- 179670 = Warlock Mount Quest Symbol 2
(8420, 135, 10, 14482, 1000000, 0, -101.031, 799.681, -28.4503, 0.150696), -- portal 2
(8420, 135, 10, 14482, 1000000, 0, -60.041, 751.992, -28.2167, 1.22277),   -- portal 5
(8420, 135, 10, 14483, 3000000, 0, 3.15252, 763.516, -28.2177, 2.27521),   -- portal 8
(8420, 155, 10, 14482, 1000000, 0, 24.354, 824.619, -28.3903, 3.25854),    -- portal 11
(8420, 155, 10, 14482, 1000000, 0, -17.6461, 874.355, -28.1959, 4.28348),  -- portal 14
(8420, 155, 10, 14482, 1000000, 0, -80.7216, 862.218, -28.2547, 5.37126),  -- portal 17
--
(8420, 175,  9, 99780, 1270, 0, 0, 0, 0, 0),                               -- 179671 = Warlock Mount Quest Symbol 3
(8420, 180, 10, 14482, 1000000, 0, -93.8763, 779.921, -28.3179, 0.515906), -- portal 3
(8420, 180, 10, 14482, 1000000, 0, -37.2637, 747.892, -28.1232, 1.49766),  -- portal 6
(8420, 180, 10, 14483, 3000000, 0, 17.888, 782.132, -28.3403, 2.58545),    -- portal 9
(8420, 200, 10, 14482, 1000000, 0, 16.5093, 846.31, -28.2808, 3.65517),    -- portal 12
(8420, 200, 10, 14482, 1000000, 0, -40.0954, 877.854, -28.1817, 4.73116),  -- portal 15
(8420, 200, 10, 14482, 1000000, 0, -93.5993, 845.833, -28.371, 5.68149),   -- portal 18
--
(8420, 220,  9, 99779, 1225, 0, 0, 0, 0, 0),                               -- 179669 = Warlock Mount Quest Symbol 4
(8420, 225, 10, 14482, 1000000, 0, -79.4683, 763.098, -28.2475, 0.845775), -- portal 4
(8420, 225, 10, 14482, 1000000, 0, -15.8785, 751.977, -28.1839, 1.89036),  -- portal 7
(8420, 225, 10, 14483, 3000000, 0, 24.4288, 802.138, -28.3785, 2.90904),   -- portal 10
(8420, 245, 10, 14482, 1000000, 0, 2.0333, 863.479, -28.1891, 4.0243),     -- portal 13
(8420, 245, 10, 14482, 1000000, 0, -62.9614, 873.05, -28.2525, 5.06888),   -- portal 16
(8420, 245, 10, 14482, 1000000, 0, -101.297, 823.417, -28.4163, 6.08438),  -- portal 1
--
(8420, 265,  9, 99778, 1180, 0, 0, 0, 0, 0),                               -- 179670 = Warlock Mount Quest Symbol 5
(8420, 270, 10, 14482, 1000000, 0, -60.041, 751.992, -28.2167, 1.22277),   -- portal 5
(8420, 270, 10, 14482, 1000000, 0, 3.15252, 763.516, -28.2177, 2.27521),   -- portal 8
(8420, 270, 10, 14483, 3000000, 0, 24.354, 824.619, -28.3903, 3.25854),    -- portal 11
(8420, 290, 10, 14482, 1000000, 0, -17.6461, 874.355, -28.1959, 4.28348),  -- portal 14
(8420, 290, 10, 14482, 1000000, 0, -80.7216, 862.218, -28.2547, 5.37126),  -- portal 17
(8420, 290, 10, 14482, 1000000, 0, -101.031, 799.681, -28.4503, 0.150696), -- portal 2
--
(8420, 310,  9, 99777, 1135, 0, 0, 0, 0, 0),                               -- 179671 = Warlock Mount Quest Symbol 6
(8420, 315, 10, 14482, 1130000, 0, -37.2637, 747.892, -28.1232, 1.49766),  -- portal 6
(8420, 315, 10, 14482, 1130000, 0, 17.888, 782.132, -28.3403, 2.58545),    -- portal 9
(8420, 315, 10, 14483, 1130000, 0, 16.5093, 846.31, -28.2808, 3.65517),    -- portal 12
(8420, 335, 10, 14482, 1110000, 0, -40.0954, 877.854, -28.1817, 4.73116),  -- portal 15
(8420, 335, 10, 14482, 1110000, 0, -93.5993, 845.833, -28.371, 5.68149),   -- portal 18
(8420, 335, 10, 14482, 1110000, 0, -93.8763, 779.921, -28.3179, 0.515906), -- portal 3
--
(8420, 355,  9, 99776, 1090, 0, 0, 0, 0, 0),                               -- 179669 = Warlock Mount Quest Symbol 7
(8420, 360, 10, 14482, 1085000, 0, -15.8785, 751.977, -28.1839, 1.89036),  -- portal 7
(8420, 360, 10, 14482, 1085000, 0, 24.4288, 802.138, -28.3785, 2.90904),   -- portal 10
(8420, 360, 10, 14483, 1085000, 0, 2.0333, 863.479, -28.1891, 4.0243),     -- portal 13
(8420, 380, 10, 14482, 1065000, 0, -62.9614, 873.05, -28.2525, 5.06888),   -- portal 16
(8420, 380, 10, 14482, 1065000, 0, -101.297, 823.417, -28.4163, 6.08438),  -- portal 1
(8420, 380, 10, 14482, 1065000, 0, -79.4683, 763.098, -28.2475, 0.845775), -- portal 4
--
(8420, 400,  9, 99775, 1045, 0, 0, 0, 0, 0),                               -- 179670 = Warlock Mount Quest Symbol 8
(8420, 405, 10, 14482, 1040000, 0, 3.15252, 763.516, -28.2177, 2.27521),   -- portal 8
(8420, 405, 10, 14482, 1040000, 0, 24.354, 824.619, -28.3903, 3.25854),    -- portal 11
(8420, 405, 10, 14483, 1040000, 0, -17.6461, 874.355, -28.1959, 4.28348),  -- portal 14
(8420, 425, 10, 14482, 1020000, 0, -80.7216, 862.218, -28.2547, 5.37126),  -- portal 17
(8420, 425, 10, 14482, 1020000, 0, -101.031, 799.681, -28.4503, 0.150696), -- portal 2
(8420, 425, 10, 14482, 1020000, 0, -60.041, 751.992, -28.2167, 1.22277),   -- portal 5
--
(8420, 445,  9, 99774, 1000, 0, 0, 0, 0, 0),                               -- 179671 = Warlock Mount Quest Symbol 9
(8420, 445,  9, 99896, 1000, 0, 0, 0, 0, 0),                               -- 179675 = Warlock Mount Quest Portal Spell Focus - 900 seconds despawn time
(8420, 445, 10, 23837, 1000000, 0, 0, 0, 0, 0);                            -- ELM General Purpose Bunny - 1000,000 ms despawn time

DELETE FROM `event_scripts` WHERE `id` = 8428;
INSERT INTO `event_scripts` (`id`, `delay`, `command`, `datalong`, `datalong2`, `dataint`, `x`, `y`, `z`, `o`) VALUES
(8428, 0, 9, 99783, 15, 0, 0, 0, 0, 0),
(8428, 10, 10, 14502, 9000000, 0, -38.94, 812.85, -29.5359, 4.90495);

DELETE FROM `conditions` WHERE `SourceTypeOrReferenceId` = 13 AND `SourceGroup` IN (1, 2) AND `SourceEntry` IN (23120, 23117, 23226);
DELETE FROM `conditions` WHERE `SourceTypeOrReferenceId` = 22 AND `SourceGroup` IN (1, 8) AND `SourceEntry` = 14500 AND `SourceId` = 0;
DELETE FROM `conditions` WHERE `SourceTypeOrReferenceId` = 17 AND `SourceGroup` = 0 AND `SourceEntry` IN (23136, 23152) AND `SourceId` = 0;

INSERT INTO `conditions` (`SourceTypeOrReferenceId`, `SourceGroup`, `SourceEntry`, `SourceId`, `ElseGroup`, `ConditionTypeOrReference`, `ConditionTarget`,
`ConditionValue1`, `ConditionValue2`, `ConditionValue3`, `NegativeCondition`, `ErrorType`, `ErrorTextId`, `ScriptName`, `Comment`) VALUES
--
(13, 1, 23120, 0, 2, 31, 0, 4, 0, 0, 0, 0, 0, '',          'Black March Blessing targets Player'),
(13, 1, 23226, 0, 2, 31, 0, 4, 0, 0, 1, 0, 0, '',          'Ritual Candle Aura dont target Player'),
(13, 2, 23117, 0, 2, 31, 0, 4, 0, 0, 0, 0, 0, '',          'Ritual Bell Aura targets Player'),
--
(22, 1, 14500, 0, 0, 22, 1, 289, 0, 0, 0, 0, 0, '',        'J\'eevee - Only run imp delivery script in Scholomance'),
(22, 8, 14500, 0, 0, 22, 1, 429, 0, 0, 0, 0, 0, '',        'J\'eevee - Only run Xorothian Dreadsteed script in Dire Maul'),
--
(17, 0, 23152, 0, 0, 29, 0, 23837, 100, 0, 0, 0, 0, '',    'Can only use Summon Xorothian Dreadsteed scroll if ELM General Purpose Bunny is nearby'),
(17, 0, 23152, 0, 0, 29, 0, 14502, 100, 0, 1, 0, 0, '',    'Can only use Summon Xorothian Dreadsteed scroll if Xorothian Dreadsteed is NOT nearby'),
(17, 0, 23152, 0, 0, 29, 0, 14504, 100, 0, 1, 0, 0, '',    'Can only use Summon Xorothian Dreadsteed scroll if Dreadsteed Spirit is NOT nearby'),
--
(17, 0, 23136, 0, 0, 29, 0, 14501, 100, 0, 1, 0, 0, '',    'Can only use Jeevees Jar if Warlock Mount Ritual Mob is NOT nearby');

-- fix locations Symbols and Dreadsteed Portal
DELETE FROM `gameobject` WHERE `guid` BETWEEN 99774 AND 99783;
DELETE FROM `gameobject` WHERE `guid` BETWEEN @OGUID+101 AND @OGUID+118;
INSERT INTO `gameobject` (`guid`, `id`, `map`, `zoneId`, `areaId`, `spawnMask`, `phaseMask`, `position_x`, `position_y`, `position_z`, `orientation`, 
`rotation0`, `rotation1`, `rotation2`, `rotation3`, `spawntimesecs`, `animprogress`, `state`, `ScriptName`, `VerifiedBuild`, `Comment`) VALUES 
--
(99774, 179671, 429, 0, 0, 1, 1, -33.5439, 799.742, -29.5359, 2.00921, 0, 0, 0.84395, 0.536422, -900, 0, 1, '', 0, NULL), -- Quest Symbol
(99775, 179670, 429, 0, 0, 1, 1, -27.8166, 804.138, -29.5359, 2.52128, 0, 0, 0.952286, 0.305207, -900, 0, 1, '', 0, NULL),
(99776, 179669, 429, 0, 0, 1, 1, -25.0178, 813.414, -29.5359, 3.15588, 0, 0, 0.999974, -0.0071436, -900, 0, 1, '', 0, NULL),
(99777, 179671, 429, 0, 0, 1, 1, -28.482, 821.983, -29.5359, 3.83134, 0, 0, 0.941118, -0.338078, -900, 0, 1, '', 0, NULL),
(99778, 179670, 429, 0, 0, 1, 1, -36.6054, 826.473, -29.5359, 4.48085, 0, 0, 0.784052, -0.620695, -900, 0, 1, '', 0, NULL),
(99779, 179669, 429, 0, 0, 1, 1, -46.0352, 824.511, -29.5359, 5.33299, 0, 0, 0.457425, -0.889248, -900, 0, 1, '', 0, NULL),
(99780, 179671, 429, 0, 0, 1, 1, -52.2902, 815.636, -29.5359, 6.0006, 0, 0, 0.140823, -0.990035, -900, 0, 1, '', 0, NULL),
(99781, 179670, 429, 0, 0, 1, 1, -50.7855, 805.731, -29.5359, 0.549925, 0, 0, 0.271511, 0.962435, -900, 0, 1, '', 0, NULL),
(99782, 179669, 429, 0, 0, 1, 1, -41.0193, 799.045, -29.5359, 1.35102, 0, 0, 0.625295, 0.780388, -900, 0, 1, '', 0, NULL),
--
(99783, 179681, 429, 0, 0, 1, 1, -38.94, 812.85, -29.5359, 4.90495, 0, 0, 0.635856, -0.771807, -900, 0, 1, '', 0, NULL), -- Dreadsteed Portal
--
(@OGUID+101, 179681, 429, 0, 0, 1, 1, -101.297, 823.417, -28.4163, 6.08438, 0, 0, 0.635856, -0.771807, -900, 0, 1, '', 0, NULL),
(@OGUID+102, 179681, 429, 0, 0, 1, 1, -101.031, 799.681, -28.4503, 0.150696, 0, 0, 0.635856, -0.771807, -900, 0, 1, '', 0, NULL),
(@OGUID+103, 179681, 429, 0, 0, 1, 1, -93.8763, 779.921, -28.3179, 0.515906, 0, 0, 0.635856, -0.771807, -900, 0, 1, '', 0, NULL),
(@OGUID+104, 179681, 429, 0, 0, 1, 1, -79.4683, 763.098, -28.2475, 0.845775, 0, 0, 0.635856, -0.771807, -900, 0, 1, '', 0, NULL),
(@OGUID+105, 179681, 429, 0, 0, 1, 1, -60.041, 751.992, -28.2167, 1.22277, 0, 0, 0.635856, -0.771807, -900, 0, 1, '', 0, NULL),
(@OGUID+106, 179681, 429, 0, 0, 1, 1, -37.2637, 747.892, -28.1232, 1.49766, 0, 0, 0.635856, -0.771807, -900, 0, 1, '', 0, NULL),
(@OGUID+107, 179681, 429, 0, 0, 1, 1, -15.8785, 751.977, -28.1839, 1.89036, 0, 0, 0.635856, -0.771807, -900, 0, 1, '', 0, NULL),
(@OGUID+108, 179681, 429, 0, 0, 1, 1, 3.15252, 763.516, -28.2177, 2.27521, 0, 0, 0.635856, -0.771807, -900, 0, 1, '', 0, NULL),
(@OGUID+109, 179681, 429, 0, 0, 1, 1, 17.888, 782.132, -28.3403, 2.58545, 0, 0, 0.635856, -0.771807, -900, 0, 1, '', 0, NULL),
(@OGUID+110, 179681, 429, 0, 0, 1, 1, 24.4288, 802.138, -28.3785, 2.90904, 0, 0, 0.635856, -0.771807, -900, 0, 1, '', 0, NULL),
(@OGUID+111, 179681, 429, 0, 0, 1, 1, 24.354, 824.619, -28.3903, 3.25854, 0, 0, 0.635856, -0.771807, -900, 0, 1, '', 0, NULL),
(@OGUID+112, 179681, 429, 0, 0, 1, 1, 16.5093, 846.31, -28.2808, 3.65517, 0, 0, 0.635856, -0.771807, -900, 0, 1, '', 0, NULL),
(@OGUID+113, 179681, 429, 0, 0, 1, 1, 2.0333, 863.479, -28.1891, 4.0243, 0, 0, 0.635856, -0.771807, -900, 0, 1, '', 0, NULL),
(@OGUID+114, 179681, 429, 0, 0, 1, 1, -17.6461, 874.355, -28.1959, 4.28348, 0, 0, 0.635856, -0.771807, -900, 0, 1, '', 0, NULL),
(@OGUID+115, 179681, 429, 0, 0, 1, 1, -40.0954, 877.854, -28.1817, 4.73116, 0, 0, 0.635856, -0.771807, -900, 0, 1, '', 0, NULL),
(@OGUID+116, 179681, 429, 0, 0, 1, 1, -62.9614, 873.05, -28.2525, 5.06888, 0, 0, 0.635856, -0.771807, -900, 0, 1, '', 0, NULL),
(@OGUID+117, 179681, 429, 0, 0, 1, 1, -80.7216, 862.218, -28.2547, 5.37126, 0, 0, 0.635856, -0.771807, -900, 0, 1, '', 0, NULL),
(@OGUID+118, 179681, 429, 0, 0, 1, 1, -93.5993, 845.833, -28.371, 5.68149, 0, 0, 0.635856, -0.771807, -900, 0, 1, '', 0, NULL);


/* ---- Dire Maul East ---- */

/* smart scripts */
UPDATE `creature_template` SET `AIName` = 'SmartAI' WHERE `entry` IN 
(11451, 11452, 11453, 11454, 11456, 11457, 11461, 11462, 11464, 11465, 11490, 13021, 13022, 13197, 13276, 13280, 13285, 14327, 14349);
DELETE FROM `smart_scripts` WHERE `source_type` = 0 AND `entryorguid` IN 
(11451, 11452, 11453, 11454, 11456, 11457, 11461, 11462, 11464, 11465, 11490, 13021, 13022, 13197, 13276, 13280, 13285, 14327, 14349);

INSERT INTO `smart_scripts` (`entryorguid`, `source_type`, `id`, `link`, `event_type`, `event_phase_mask`, `event_chance`, `event_flags`, 
`event_param1`, `event_param2`, `event_param3`, `event_param4`, `event_param5`, `event_param6`, 
`action_type`, `action_param1`, `action_param2`, `action_param3`, `action_param4`, `action_param5`, `action_param6`, 
`target_type`, `target_param1`, `target_param2`, `target_param3`, `target_param4`, `target_x`, `target_y`, `target_z`, `target_o`, `comment`) VALUES 
--
(11451, 0, 0, 0, 0, 0, 100, 0, 3000, 7000, 10000, 19000, 0, 0, 11, 9128, 0, 0, 0, 0, 0, 1, 0, 0, 0, 0, 0, 0, 0, 0,      'Wildspawn Satyr - In Combat - Cast Battle Shout'),
(11451, 0, 1, 0, 9, 0, 100, 0, 0, 0, 6100, 8400, 0, 5, 11, 15580, 0, 0, 0, 0, 0, 2, 0, 0, 0, 0, 0, 0, 0, 0,             'Wildspawn Satyr - Within 0-5 Range - Cast Strike'),
(11451, 0, 2, 0, 0, 0, 100, 0, 10000, 13000, 7000, 13000, 0, 0, 11, 9080, 32, 0, 0, 0, 0, 21, 2, 0, 0, 0, 0, 0, 0, 0,   'Wildspawn Satyr - Within 0-5 Range - Cast Hamstring'),
(11451, 0, 3, 4, 61, 0, 100, 0, 0, 0, 0, 0, 0, 0, 11, 8599, 0, 0, 0, 0, 0, 1, 0, 0, 0, 0, 0, 0, 0, 0,                   'Wildspawn Satyr - Between 0-30% Health - Cast Enrage'),
(11451, 0, 4, 0, 2, 0, 100, 1, 0, 30, 0, 0, 0, 0, 1, 0, 0, 0, 0, 0, 0, 1, 0, 0, 0, 0, 0, 0, 0, 0,                       'Wildspawn Satyr - On Enrage - Say Line 0'),
(11452, 0, 0, 0, 11, 0, 100, 0, 0, 0, 0, 0, 0, 0, 11, 13299, 0, 0, 0, 0, 0, 1, 0, 0, 0, 0, 0, 0, 0, 0,                  'Wildspawn Rogue - On Respawn - Cast Poison Proc'),
(11452, 0, 1, 0, 0, 0, 100, 0, 9000, 13000, 10000, 14000, 0, 0, 11, 15667, 0, 0, 0, 0, 0, 21, 5, 0, 0, 0, 0, 0, 0, 0,   'Wildspawn Rogue - Within 0-5 Range - Cast Sinister Strike'),
(11452, 0, 2, 0, 0, 0, 100, 0, 5000, 7000, 12000, 16000, 0, 0, 11, 15583, 0, 0, 0, 0, 0, 21, 5, 0, 0, 0, 0, 0, 0, 0,    'Wildspawn Rogue - Within 0-5 Range - Cast Rupture'),
(11453, 0, 0, 0, 0, 0, 100, 0, 7000, 10000, 16000, 22000, 0, 0, 11, 3609, 0, 0, 0, 0, 0, 21, 5, 0, 0, 0, 0, 0, 0, 0,    'Wildspawn Trickster - Within 0-5 Range - Cast Paralyzing Poison'),
(11453, 0, 1, 0, 0, 0, 100, 0, 10000, 15000, 10000, 15000, 0, 0, 11, 12493, 32, 0, 0, 0, 0, 2, 0, 0, 0, 0, 0, 0, 0, 0,  'Wildspawn Trickster - In Combat - Cast Curse of Weakness'),
(11453, 0, 2, 0, 0, 0, 100, 0, 4000, 8000, 6000, 12000, 0, 0, 11, 22371, 32, 0, 0, 0, 0, 5, 30, 0, 0, 0, 0, 0, 0, 0,    'Wildspawn Trickster - In Combat - Cast Curse of Impotence'),
(11454, 0, 0, 0, 9, 0, 100, 0, 0, 0, 4000, 4000, 30, 60, 21, 1, 0, 0, 0, 0, 0, 1, 0, 0, 0, 0, 0, 0, 0, 0,               'Wildspawn Betrayer - Outside 30 Range - Start Combat Movement'),
(11454, 0, 1, 0, 9, 0, 100, 0, 0, 0, 4000, 4000, 5, 30, 21, 0, 0, 0, 0, 0, 0, 1, 0, 0, 0, 0, 0, 0, 0, 0,                'Wildspawn Betrayer - Within 5-30 Range - Stop Combat Movement'),
(11454, 0, 2, 0, 9, 0, 100, 0, 0, 0, 4000, 4000, 0, 5, 21, 1, 0, 0, 0, 0, 0, 1, 0, 0, 0, 0, 0, 0, 0, 0,                 'Wildspawn Betrayer - Within 0-5 Range - Start Combat Movement'),
(11454, 0, 3, 0, 9, 0, 100, 0, 0, 0, 2000, 4000, 5, 30, 11, 16100, 64, 0, 0, 0, 0, 2, 0, 0, 0, 0, 0, 0, 0, 0,           'Wildspawn Betrayer - Within 5-30 Range - Cast Shoot'),
(11454, 0, 4, 0, 0, 0, 100, 0, 5000, 10000, 10000, 14000, 0, 0, 11, 7896, 0, 0, 0, 0, 0, 28, 30, 1, 1, 5, 0, 0, 0, 0,   'Wildspawn Betrayer - Within 5-30 Range - Cast Exploding Shot'),
(11454, 0, 5, 0, 9, 0, 100, 0, 0, 0, 7000, 12000, 5, 30, 11, 18649, 0, 0, 0, 0, 0, 2, 0, 0, 0, 0, 0, 0, 0, 0,           'Wildspawn Betrayer - Within 5-30 Range - Shadow Shot'),
(11454, 0, 6, 0, 9, 0, 100, 0, 0, 0, 8000, 11000, 0, 5, 11, 11428, 0, 0, 0, 0, 0, 2, 0, 0, 0, 0, 0, 0, 0, 0,            'Wildspawn Betrayer - Within 0-5 Range - Cast Knockdown'),
(11454, 0, 7, 0, 2, 0, 100, 1, 0, 15, 0, 0, 0, 0, 25, 1, 0, 0, 0, 0, 0, 0, 0, 0, 0, 0, 0, 0, 0, 0,                      'Wildspawn Betrayer - Between 0-15% Health - Flee For Assist (No Repeat)'),
(11456, 0, 0, 0, 1, 0, 100, 1, 1000, 1000, 0, 0, 0, 0, 11, 22766, 0, 0, 0, 0, 0, 1, 0, 0, 0, 0, 0, 0, 0, 0,             'Wildspawn Shadowstalker - Out of Combat - Cast Sneak (No Repeat)'),
(11456, 0, 1, 0, 11, 0, 100, 0, 0, 0, 0, 0, 0, 0, 11, 8601, 0, 0, 0, 0, 0, 1, 0, 0, 0, 0, 0, 0, 0, 0,                   'Wildspawn Shadowstalker - On Respawn - Cast Slowing Poison Proc'),
(11456, 0, 2, 0, 67, 0, 100, 0, 0, 0, 10000, 10000, 0, 5, 11, 22416, 0, 0, 0, 0, 0, 2, 0, 0, 0, 0, 0, 0, 0, 0,          'Wildspawn Shadowstalker - Behind Target - Cast Backstab'),
(11457, 0, 0, 0, 0, 0, 100, 0, 0, 0, 2000, 2000, 0, 0, 11, 15228, 64, 0, 0, 0, 0, 2, 0, 0, 0, 0, 0, 0, 0, 0,            'Wildspawn Hellcaller - In Combat - Cast Fireball'),
(11457, 0, 1, 0, 0, 0, 100, 0, 8000, 14000, 10000, 16000, 0, 0, 11, 20754, 1, 0, 0, 0, 0, 5, 30, 0, 0, 0, 0, 0, 0, 0,   'Wildspawn Hellcaller - In Combat - Cast Rain of Fire'),
(11457, 0, 2, 0, 2, 0, 100, 1, 0, 15, 0, 0, 0, 0, 25, 1, 0, 0, 0, 0, 0, 0, 0, 0, 0, 0, 0, 0, 0, 0,                      'Wildspawn Hellcaller - Between 0-15% Health - Flee For Assist (No Repeat)'),
(11461, 0, 0, 0, 0, 0, 100, 0, 4000, 8000, 13000, 17000, 0, 0, 11, 16172, 0, 0, 0, 0, 0, 21, 5, 0, 0, 0, 0, 0, 0, 0,    'Warpwood Guardian - Within 0-5 Range - Cast Head Crack'),
(11461, 0, 1, 0, 105, 0, 100, 0, 0, 0, 1000, 4000, 0, 5, 11, 15615, 0, 0, 0, 0, 0, 7, 0, 0, 0, 0, 0, 0, 0, 0,           'Warpwood Guardian - Target Casting - Cast Pummel'),
(11461, 0, 2, 0, 14, 0, 100, 0, 3400, 40, 9000, 14000, 0, 0, 11, 22373, 32, 0, 0, 0, 0, 7, 0, 0, 0, 0, 0, 0, 0, 0,      'Warpwood Guardian - Friendly Missing Health - Cast Regrowth'),
(11461, 0, 3, 0, 2, 0, 100, 0, 0, 75, 6000, 18000, 0, 0, 11, 22373, 32, 0, 0, 0, 0, 1, 0, 0, 0, 0, 0, 0, 0, 0,          'Warpwood Guardian - Between 0-75% Health - Cast Regrowth'),
(11462, 0, 0, 0, 0, 0, 100, 0, 3000, 5000, 5000, 7000, 0, 0, 11, 18368, 0, 0, 0, 0, 0, 21, 5, 0, 0, 0, 0, 0, 0, 0,      'Warpwood Treant - Within 0-5 Range - Cast Strike'),
(11462, 0, 1, 0, 0, 0, 100, 0, 7000, 9000, 18000, 22000, 0, 0, 11, 14331, 0, 0, 0, 0, 0, 21, 5, 0, 0, 0, 0, 0, 0, 0,    'Warpwood Treant - Within 0-5 Range - Cast Vicious Rend'),
(11462, 0, 2, 0, 0, 0, 100, 0, 7000, 12000, 9000, 14000, 0, 0, 11, 11428, 0, 0, 0, 0, 0, 21, 5, 0, 0, 0, 0, 0, 0, 0,    'Warpwood Treant - Within 0-5 Range - Cast Knockdown'),
(11464, 0, 0, 0, 0, 0, 100, 0, 3000, 5000, 5000, 7000, 0, 0, 11, 22414, 0, 0, 0, 0, 0, 2, 0, 0, 0, 0, 0, 0, 0, 0,       'Warpwood Tangler - In Combat - Cast Lightning Bolt'),
(11464, 0, 1, 0, 0, 0, 100, 0, 7000, 9000, 8000, 16000, 0, 0, 11, 22415, 0, 0, 0, 0, 0, 5, 30, 0, 0, 0, 0, 0, 0, 0,     'Warpwood Tangler - In Combat - Cast Entangling Roots'),
(11465, 0, 0, 0, 11, 0, 100, 0, 0, 0, 0, 0, 0, 0, 11, 8876, 0, 0, 0, 0, 0, 1, 0, 0, 0, 0, 0, 0, 0, 0,                   'Warpwood Stomper - On Respawn - Cast Thrash Proc'),
(11465, 0, 1, 0, 0, 0, 100, 0, 6000, 10000, 18000, 26000, 0, 0, 11, 16727, 0, 0, 0, 0, 0, 1, 0, 0, 0, 0, 0, 0, 0, 0,    'Warpwood Stomper - In Combat - Cast War Stomp'),
(11490, 0, 0, 0, 0, 0, 100, 0, 1000, 5000, 12000, 18000, 0, 0, 11, 22478, 0, 0, 0, 0, 0, 1, 0, 0, 0, 0, 0, 0, 0, 0,     'Zevrim Thornhoof - In Combat - Cast Intense Pain'),
(11490, 0, 1, 0, 0, 0, 100, 0, 8000, 10000, 16000, 24000, 0, 0, 11, 22651, 0, 0, 0, 0, 0, 5, 40, 0, 0, 0, 0, 0, 0, 0,   'Zevrim Thornhoof - In Combat - Cast Sacrifice'),
(11490, 0, 2, 0, 6, 0, 100, 512, 0, 0, 0, 0, 0, 0, 34, 0, 1, 0, 0, 0, 0, 1, 0, 0, 0, 0, 0, 0, 0, 0,                     'Zevrim Thornhoof - On Death - Set Instance Data 0 to 1'),
(13021, 0, 0, 0, 9, 0, 100, 0, 0, 0, 3600, 11100, 0, 10, 11, 22426, 0, 0, 0, 0, 0, 2, 0, 0, 0, 0, 0, 0, 0, 0,           'Warpwood Crusher - Within 0-10 Range - Cast Crush Armor'),
(13021, 0, 1, 0, 9, 0, 100, 0, 0, 0, 11700, 19400, 0, 8, 11, 15550, 0, 0, 0, 0, 0, 1, 0, 0, 0, 0, 0, 0, 0, 0,           'Warpwood Crusher - Within 0-8 Range - Cast Trample'),
(13022, 0, 0, 0, 67, 0, 100, 0, 0, 0, 4200, 13400, 0, 5, 11, 21987, 0, 0, 0, 0, 0, 2, 0, 0, 0, 0, 0, 0, 0, 0,           'Whip Lasher - Behind Target - Cast Lash of Pain'),
(13197, 0, 0, 0, 0, 0, 100, 0, 9000, 15000, 11000, 16000, 0, 0, 11, 22271, 0, 0, 0, 0, 0, 1, 0, 0, 0, 0, 0, 0, 0, 0,    'Fel Lash - In Combat - Cast Arcane Explosion'),
(13197, 0, 1, 0, 0, 0, 100, 0, 0, 0, 2000, 4000, 0, 0, 11, 15230, 0, 0, 0, 0, 0, 2, 0, 0, 0, 0, 0, 0, 0, 0,             'Fel Lash - In Combat - Cast Arcane Bolt'),
(13276, 0, 0, 0, 0, 0, 100, 0, 3000, 10000, 6000, 15000, 0, 0, 11, 13340, 0, 0, 0, 0, 0, 2, 0, 0, 0, 0, 0, 0, 0, 0,     'Wildspawn Imp - In Combat - Cast Fire Blast'),
--
(13280, 0, 0, 0, 9, 0, 100, 0, 0, 0, 10000, 20000, 0, 8, 11, 22419, 0, 0, 0, 0, 0, 1, 0, 0, 0, 0, 0, 0, 0, 0,           'Hydrospawn - Within 0-8 Range - Cast Riptide'),
(13280, 0, 1, 0, 0, 0, 100, 0, 2000, 6000, 45000, 65000, 0, 0, 11, 22420, 0, 0, 0, 0, 0, 1, 0, 0, 0, 0, 0, 0, 0, 0,     'Hydrospawn - In Combat - Cast Submersion'),
(13280, 0, 2, 0, 2, 0, 100, 1, 0, 75, 0, 0, 0, 0, 11, 22714, 0, 0, 0, 0, 0, 1, 0, 0, 0, 0, 0, 0, 0, 0,                  'Hydrospawn - Between 0-75% Health - Cast Summon Hydroling (No Repeat)'),
(13280, 0, 3, 0, 0, 0, 100, 0, 7000, 15000, 7000, 15000, 0, 0, 11, 22421, 0, 0, 0, 0, 0, 5, 30, 0, 0, 0, 0, 0, 0, 0,    'Hydrospawn - In Combat - Cast Massive Geyser'),
(13285, 0, 0, 0, 11, 0, 100, 0, 0, 0, 0, 0, 0, 0, 11, 16428, 0, 0, 0, 0, 0, 1, 0, 0, 0, 0, 0, 0, 0, 0,                  'Death Lash - On Respawn - Cast Virulent Poison Proc'),
--
(14327, 0, 0, 0, 0, 0, 100, 0, 0, 0, 3000, 6000, 0, 0, 11, 22709, 64, 0, 0, 0, 0, 2, 0, 0, 0, 0, 0, 0, 0, 0,            'Lethtendris - In Combat - Cast Void Bolt'),
(14327, 0, 1, 0, 0, 0, 100, 0, 8000, 13000, 13000, 18000, 0, 0, 11, 17228, 0, 0, 0, 0, 0, 2, 0, 0, 0, 0, 0, 0, 0, 0,    'Lethtendris - In Combat - Cast Shadow Bolt Volley'),
(14327, 0, 2, 0, 0, 0, 100, 0, 7000, 12000, 25000, 30000, 0, 0, 11, 12742, 96, 0, 0, 0, 0, 5, 30, 0, 0, 0, 0, 0, 0, 0,  'Lethtendris - In Combat - Cast Immolate'),
(14327, 0, 3, 0, 0, 0, 100, 0, 2000, 9000, 15000, 35000, 0, 0, 11, 16247, 32, 0, 0, 0, 0, 2, 0, 0, 0, 0, 0, 0, 0, 0,    'Lethtendris - In Combat - Cast Curse of Thorns'),
(14327, 0, 4, 0, 0, 0, 100, 0, 9000, 12000, 18000, 22000, 0, 0, 11, 13338, 32, 0, 0, 0, 0, 6, 30, 0, 0, 0, 0, 0, 0, 0,  'Lethtendris - In Combat - Cast Curse of Tongues'),
(14349, 0, 0, 0, 0, 0, 100, 0, 0, 2000, 3000, 3500, 0, 0, 11, 14034, 64, 0, 0, 0, 0, 2, 0, 0, 0, 0, 0, 0, 0, 0,         'Pimgib - In Combat - Cast Fireball'),
(14349, 0, 1, 0, 0, 0, 100, 0, 5000, 7000, 14000, 19000, 0, 0, 11, 22713, 0, 0, 0, 0, 0, 2, 0, 0, 0, 0, 0, 0, 0, 0,     'Pimgib - In Combat - Cast Flame Buffet'),
(14349, 0, 2, 0, 0, 0, 100, 0, 8000, 12000, 11000, 15000, 0, 0, 11, 16046, 0, 0, 0, 0, 0, 1, 0, 0, 0, 0, 0, 0, 0, 0,    'Pimgib - In Combat - Cast Blast Wave'),
(14349, 0, 3, 0, 0, 0, 100, 0, 0, 0, 30000, 30000, 0, 0, 11, 22710, 2, 0, 0, 0, 0, 1, 0, 0, 0, 0, 0, 0, 0, 0,           'Pimgib - In Combat - Cast Enlarge');

-- fix Pusillin text
UPDATE `smart_scripts` SET `target_type` = 1 WHERE `entryorguid` = 1435404 AND `source_type` = 9 AND `id` = 0 AND `action_type` = 1;
