/* smart scripts */
UPDATE `creature_template` SET `AIName` = '' WHERE `entry` IN (11721, 11726, 11731);
UPDATE `creature_template` SET `AIName` = 'SmartAI' WHERE `entry` IN 
(11722, 11723, 11727, 11728, 11729, 11730, 11732, 11733, 11734, 11736, 11737, 11738, 11739, 11740, 11741, 11744, 11745, 11746, 11747, 
11803, 11804, 11880, 11881, 11882, 11883, 12178, 12179, 14471, 14472, 14474, 14475, 14477, 14478, 14479, 15196, 15200, 15201, 15202, 15213, 15308, 15542);
DELETE FROM `smart_scripts` WHERE `source_type` = 0 AND `entryorguid` IN 
(11721, 11722, 11723, 11726, 11727, 11728, 11729, 11730, 11731, 11732, 11733, 11734, 11736, 11737, 11738, 11739, 11740, 11741, 11744, 11745, 11746, 11747, 
11803, 11804, 11880, 11881, 11882, 11883, 12178, 12179, 14471, 14472, 14474, 14475, 14477, 14478, 14479, 15196, 15200, 15201, 15202, 15213, 15308, 15542);

INSERT INTO `smart_scripts` (`entryorguid`, `source_type`, `id`, `link`, `event_type`, `event_phase_mask`, `event_chance`, `event_flags`, 
`event_param1`, `event_param2`, `event_param3`, `event_param4`, `event_param5`, `event_param6`, 
`action_type`, `action_param1`, `action_param2`, `action_param3`, `action_param4`, `action_param5`, `action_param6`, 
`target_type`, `target_param1`, `target_param2`, `target_param3`, `target_param4`, `target_x`, `target_y`, `target_z`, `target_o`, `comment`) VALUES 
--
(11722, 0, 0, 0, 0, 0, 100, 0, 3000, 4500, 12000, 15000, 0, 0, 11, 11443, 96, 0, 0, 0, 0, 2, 0, 0, 0, 0, 0, 0, 0, 0,    'Hive\'Ashi Defender - In Combat - Cast Cripple'),
(11722, 0, 1, 0, 0, 0, 100, 0, 2000, 12000, 36000, 46000, 0, 0, 11, 6713, 0, 0, 0, 0, 0, 21, 5, 0, 0, 0, 0, 0, 0, 0,    'Hive\'Ashi Defender - In Combat - Cast Disarm'),
(11723, 0, 0, 0, 25, 0, 100, 0, 0, 0, 0, 0, 0, 0, 11, 22766, 0, 0, 0, 0, 0, 1, 0, 0, 0, 0, 0, 0, 0, 0,                  'Hive\'Ashi Sandstalker - On Reset - Cast Sneak'),
(11727, 0, 0, 0, 9, 0, 100, 0, 0, 0, 7000, 11000, 0, 5, 11, 19448, 0, 0, 0, 0, 0, 2, 0, 0, 0, 0, 0, 0, 0, 0,            'Hive\'Zora Wasp - Within 0-5 Range - Cast Poison'),
(11728, 0, 0, 0, 0, 0, 100, 0, 6000, 9000, 20000, 22000, 0, 0, 11, 16790, 0, 0, 0, 0, 0, 21, 5, 0, 0, 0, 0, 0, 0, 0,    'Hive\'Zora Reaver - Within 0-5 Range - Cast Knockdown'), -- https://www.youtube.com/watch?v=kCZtsdQG2-w
(11728, 0, 1, 0, 9, 0, 100, 0, 0, 0, 16000, 19000, 0, 5, 11, 40504, 0, 0, 0, 0, 0, 2, 0, 0, 0, 0, 0, 0, 0, 0,           'Hive\'Zora Reaver - Within 0-5 Range - Cast Cleave'),
(11729, 0, 0, 0, 0, 0, 100, 0, 3000, 5000, 12000, 16000, 0, 0, 11, 19452, 64, 0, 0, 0, 0, 2, 0, 0, 0, 0, 0, 0, 0, 0,    'Hive\'Zora Hive Sister - In Combat - Cast Toxic Spit'),
(11730, 0, 0, 0, 25, 0, 100, 0, 0, 0, 0, 0, 0, 0, 11, 22766, 0, 0, 0, 0, 0, 1, 0, 0, 0, 0, 0, 0, 0, 0,                  'Hive\'Regal Ambusher - On Reset - Cast Sneak'),
(11730, 0, 1, 0, 9, 0, 100, 0, 0, 0, 15000, 24000, 0, 5, 11, 13298, 0, 0, 0, 0, 0, 2, 0, 0, 0, 0, 0, 0, 0, 0,           'Hive\'Regal Ambusher - Within 0-5 Range - Cast Poison'),
(11732, 0, 0, 0, 0, 0, 100, 0, 8000, 17000, 21000, 28000, 0, 0, 11, 21047, 96, 0, 0, 0, 0, 2, 0, 0, 0, 0, 0, 0, 0, 0,   'Hive\'Regal Spitfire - In Combat - Cast Corrosive Acid Spit'),
(11732, 0, 1, 0, 9, 0, 100, 0, 0, 0, 13000, 15000, 0, 5, 11, 5708, 0, 0, 0, 0, 0, 2, 0, 0, 0, 0, 0, 0, 0, 0,            'Hive\'Regal Spitfire - Within 0-5 Range - Cast Swoop'),
(11733, 0, 0, 0, 0, 0, 100, 0, 6000, 12000, 9000, 20000, 0, 0, 11, 3584, 32, 0, 0, 0, 0, 2, 0, 0, 0, 0, 0, 0, 0, 0,     'Hive\'Regal Slavemaker - In Combat - Cast Volatile Infection'),
(11733, 0, 1, 0, 0, 0, 100, 0, 10000, 20000, 30000, 45000, 0, 0, 11, 19469, 0, 0, 0, 0, 0, 6, 5, 0, 0, 0, 0, 0, 0, 0,   'Hive\'Regal Slavemaker - Within 0-5 Range - Cast Poison Mind'),
(11734, 0, 0, 0, 0, 0, 100, 0, 0, 0, 9000, 12000, 0, 0, 11, 19471, 0, 0, 0, 0, 0, 2, 0, 0, 0, 0, 0, 0, 0, 0,            'Hive\'Regal Hive Lord - In Combat - Cast Berserker Charge'),
--
(11736, 0, 0, 0, 9, 0, 100, 0, 0, 0, 20000, 23000, 0, 5, 11, 3604, 0, 0, 0, 0, 0, 2, 0, 0, 0, 0, 0, 0, 0, 0,            'Stonelash Pincer - Within 0-5 Range - Cast Tendon Rip'),
(11736, 0, 1, 0, 0, 0, 100, 0, 3000, 7000, 14000, 17000, 0, 0, 11, 5416, 0, 0, 0, 0, 0, 21, 5, 0, 0, 0, 0, 0, 0, 0,     'Stonelash Pincer - Within 0-5 Range - Cast Venom Sting'),
(11737, 0, 0, 0, 0, 0, 100, 0, 3000, 7000, 14000, 17000, 0, 0, 11, 5416, 0, 0, 0, 0, 0, 21, 5, 0, 0, 0, 0, 0, 0, 0,     'Stonelash Flayer - Within 0-5 Range - Cast Venom Sting'),
(11737, 0, 1, 0, 11, 0, 100, 0, 0, 0, 0, 0, 0, 0, 11, 12787, 0, 0, 0, 0, 0, 1, 0, 0, 0, 0, 0, 0, 0, 0,                  'Stonelash Flayer - On Respawn - Cast Thrash Proc'),
(11738, 0, 0, 0, 11, 0, 100, 0, 0, 0, 0, 0, 0, 0, 11, 3616, 0, 0, 0, 0, 0, 1, 0, 0, 0, 0, 0, 0, 0, 0,                   'Sand Skitterer - On Respawn - Cast Poison Proc'),
(11739, 0, 0, 0, 0, 0, 100, 0, 5000, 10000, 20000, 30000, 0, 0, 11, 745, 0, 0, 0, 0, 0, 21, 30, 0, 0, 0, 0, 0, 0, 0,    'Rock Stalker - Within 0-30 Range - Cast Web'),
(11739, 0, 1, 0, 11, 0, 100, 0, 0, 0, 0, 0, 0, 0, 11, 3616, 0, 0, 0, 0, 0, 1, 0, 0, 0, 0, 0, 0, 0, 0,                   'Rock Stalker - On Respawn - Cast Poison Proc'),
(11740, 0, 0, 0, 9, 0, 100, 1, 0, 0, 0, 0, 8, 25, 11, 22911, 0, 0, 0, 0, 0, 2, 0, 0, 0, 0, 0, 0, 0, 0,                  'Dredge Striker - Within 8-25 Range - Cast Charge (No Repeat)'),
(11741, 0, 0, 0, 9, 0, 100, 0, 0, 0, 20000, 25000, 0, 5, 11, 6607, 0, 0, 0, 0, 0, 2, 0, 0, 0, 0, 0, 0, 0, 0,            'Dredge Crusher - Within 0-5 Range - Cast Lash'),
(11744, 0, 0, 0, 9, 0, 100, 0, 0, 0, 40000, 45000, 0, 30, 11, 19513, 0, 0, 0, 0, 0, 2, 0, 0, 0, 0, 0, 0, 0, 0,          'Dust Stormer - Within 0-30 Range - Cast Lightning Cloud'),
(11744, 0, 1, 0, 1, 0, 100, 0, 1000, 1000, 60000, 60000, 0, 0, 11, 19514, 0, 0, 0, 0, 0, 1, 0, 0, 0, 0, 0, 0, 0, 0,     'Dust Stormer - Out of Combat - Cast Lightning Shield'),
(11745, 0, 0, 0, 9, 0, 100, 0, 0, 0, 8000, 12000, 0, 20, 11, 12553, 0, 0, 0, 0, 0, 2, 0, 0, 0, 0, 0, 0, 0, 0,           'Cyclone Warrior - Within 0-20 Range - Cast Shock'),
(11745, 0, 1, 0, 0, 0, 100, 0, 0, 13000, 13000, 16000, 0, 0, 11, 6728, 0, 0, 0, 0, 0, 5, 30, 0, 0, 0, 0, 0, 0, 0,       'Cyclone Warrior - In Combat - Cast Enveloping Winds'),
(11746, 0, 0, 0, 0, 0, 70, 0, 5000, 8000, 18000, 24000, 0, 0, 11, 5568, 0, 0, 0, 0, 0, 1, 0, 0, 0, 0, 0, 0, 0, 0,       'Desert Rumbler - In Combat - Cast Trample'),
(11747, 0, 0, 0, 0, 0, 75, 0, 3000, 5000, 12000, 16000, 0, 0, 11, 13728, 0, 0, 0, 0, 0, 21, 20, 0, 0, 0, 0, 0, 0, 0,    'Desert Rager - Within 0-20 Range - Cast Earth Shock'),
(11747, 0, 1, 2, 2, 0, 100, 1, 0, 30, 0, 0, 0, 0, 11, 8599, 0, 0, 0, 0, 0, 1, 0, 0, 0, 0, 0, 0, 0, 0,                   'Desert Rager - Between 0-30% Health - Cast Enrage (No Repeat)'),
(11747, 0, 2, 0, 61, 0, 100, 0, 0, 0, 0, 0, 0, 0, 1, 0, 0, 0, 0, 0, 0, 1, 0, 0, 0, 0, 0, 0, 0, 0,                       'Desert Rager - On Enrage - Say Line 0'),
--
(11803, 0, 0, 0, 0, 0, 100, 0, 5000, 8000, 9000, 13000, 0, 0, 11, 16856, 0, 0, 0, 0, 0, 21, 5, 0, 0, 0, 0, 0, 0, 0,     'Twilight Keeper Exeter - Within 0-5 Range - Cast Mortal Strike'),
(11803, 0, 1, 0, 0, 0, 100, 0, 3000, 3000, 12000, 16000, 0, 0, 11, 22427, 0, 0, 0, 0, 0, 5, 5, 0, 0, 0, 0, 0, 0, 0,     'Twilight Keeper Exeter - Within 0-5 Range - Cast Concussion Blow'),
(11804, 0, 0, 0, 106, 0, 100, 0, 0, 0, 13000, 18000, 0, 8, 11, 17366, 0, 0, 0, 0, 0, 1, 0, 0, 0, 0, 0, 0, 0, 0,         'Twilight Keeper Havunth - Within 0-8 Range - Cast Fire Nova'),
(11804, 0, 1, 0, 0, 0, 100, 0, 7000, 10000, 10000, 15000, 0, 0, 11, 13339, 0, 0, 0, 0, 0, 21, 20, 0, 0, 0, 0, 0, 0, 0,  'Twilight Keeper Havunth - Within 0-20 Range - Cast Fire Blast'),
(11880, 0, 0, 1, 2, 0, 100, 1, 0, 30, 0, 0, 0, 0, 11, 8599, 0, 0, 0, 0, 0, 1, 0, 0, 0, 0, 0, 0, 0, 0,                   'Twilight Avenger - Between 0-30% Health - Cast Enrage (No Repeat)'),
(11880, 0, 1, 0, 61, 0, 100, 0, 0, 0, 0, 0, 0, 0, 1, 0, 0, 0, 0, 0, 0, 1, 0, 0, 0, 0, 0, 0, 0, 0,                       'Twilight Avenger - On Enrage - Say Line 0'),
(11880, 0, 2, 0, 6, 0, 100, 0, 0, 0, 0, 0, 0, 0, 86, 8602, 2, 9, 11880, 0, 20, 1, 0, 0, 0, 0, 0, 0, 0, 0,               'Twilight Avenger - On Death - Cross Cast Vengeance'),
(11881, 0, 0, 0, 9, 0, 100, 0, 0, 0, 4000, 4000, 30, 60, 21, 1, 0, 0, 0, 0, 0, 1, 0, 0, 0, 0, 0, 0, 0, 0,               'Twilight Geolord - Outside 30 Range - Start Combat Movement'),
(11881, 0, 1, 0, 9, 0, 100, 0, 0, 0, 4000, 4000, 5, 30, 21, 0, 0, 0, 0, 0, 0, 1, 0, 0, 0, 0, 0, 0, 0, 0,                'Twilight Geolord - Within 5-30 Range - Stop Combat Movement'),
(11881, 0, 2, 0, 9, 0, 100, 0, 0, 0, 4000, 4000, 0, 5, 21, 1, 0, 0, 0, 0, 0, 1, 0, 0, 0, 0, 0, 0, 0, 0,                 'Twilight Geolord - Within 0-5 Range - Start Combat Movement'),
(11881, 0, 3, 0, 9, 0, 100, 0, 0, 0, 2000, 4000, 5, 30, 11, 9483, 64, 0, 0, 0, 0, 2, 0, 0, 0, 0, 0, 0, 0, 0,            'Twilight Geolord - Within 5-30 Range - Cast Boulder'),
(11881, 0, 4, 0, 0, 0, 100, 0, 10000, 13000, 10000, 15000, 0, 0, 11, 13728, 0, 0, 0, 0, 0, 21, 20, 0, 0, 0, 0, 0, 0, 0, 'Twilight Geolord - Within 0-20 Range - Cast Earth Shock'),
(11881, 0, 5, 0, 2, 0, 100, 1, 0, 15, 0, 0, 0, 0, 25, 1, 0, 0, 0, 0, 0, 0, 0, 0, 0, 0, 0, 0, 0, 0,                      'Twilight Geolord - Between 0-15% Health - Flee For Assist (No Repeat)'),
(11881, 0, 6, 0, 6, 0, 100, 0, 0, 0, 0, 0, 0, 0, 86, 8602, 2, 9, 11880, 0, 20, 1, 0, 0, 0, 0, 0, 0, 0, 0,               'Twilight Geolord - On Death - Cross Cast Vengeance'),
(11882, 0, 0, 0, 0, 0, 100, 0, 0, 0, 2000, 2000, 0, 0, 11, 9053, 64, 0, 0, 0, 0, 2, 0, 0, 0, 0, 0, 0, 0, 0,             'Twilight Stonecaller - In Combat - Cast Fireball'),
(11882, 0, 1, 0, 1, 0, 100, 1, 1000, 2000, 0, 0, 0, 0, 11, 19704, 0, 0, 0, 0, 0, 1, 0, 0, 0, 0, 0, 0, 0, 0,             'Twilight Stonecaller - Out of Combat - Cast Summon Earth Elemental'),
(11882, 0, 2, 0, 0, 0, 100, 0, 12000, 17000, 12000, 17000, 0, 0, 11, 11020, 1, 0, 0, 0, 0, 21, 5, 0, 0, 0, 0, 0, 0, 0,  'Twilight Stonecaller - Within 0-5 Range - Cast Petrify'),
(11882, 0, 3, 0, 1, 0, 100, 1, 3000, 5000, 0, 0, 0, 0, 11, 13236, 0, 0, 0, 0, 0, 1, 0, 0, 0, 0, 0, 0, 0, 0,             'Twilight Stonecaller - Out of Combat - Cast Nature Channeling'),
(11882, 0, 4, 0, 2, 0, 100, 1, 0, 15, 0, 0, 0, 0, 25, 1, 0, 0, 0, 0, 0, 0, 0, 0, 0, 0, 0, 0, 0, 0,                      'Twilight Stonecaller - Between 0-15% Health - Flee For Assist (No Repeat)'),
(11883, 0, 0, 0, 0, 0, 100, 0, 0, 0, 2000, 2000, 0, 0, 11, 9672, 64, 0, 0, 0, 0, 2, 0, 0, 0, 0, 0, 0, 0, 0,             'Twilight Master - In Combat - Cast Frostbolt'),
(11883, 0, 1, 0, 106, 0, 100, 0, 0, 0, 20000, 22000, 0, 8, 11, 11831, 1, 0, 0, 0, 0, 1, 0, 0, 0, 0, 0, 0, 0, 0,         'Twilight Master - Within 0-8 Range - Cast Frost Nova'),
(11883, 0, 2, 0, 0, 0, 100, 0, 8000, 9000, 20000, 22000, 0, 0, 11, 12058, 1, 0, 0, 0, 0, 2, 0, 0, 0, 0, 0, 0, 0, 0,     'Twilight Master - In Combat - Cast Chain Lightning'),
(11883, 0, 3, 0, 0, 0, 100, 0, 17000, 18000, 20000, 22000, 0, 0, 11, 13339, 0, 0, 0, 0, 0, 21, 20, 0, 0, 0, 0, 0, 0, 0, 'Twilight Master - Within 0-20 Range - Cast Fire Blast'),
(11883, 0, 4, 0, 2, 0, 100, 1, 0, 15, 0, 0, 0, 0, 25, 1, 0, 0, 0, 0, 0, 0, 0, 0, 0, 0, 0, 0, 0, 0,                      'Twilight Master - Between 0-15% Health - Flee For Assist (No Repeat)'),
--
(12178, 0, 0, 0, 2, 0, 100, 0, 0, 50, 2000, 8000, 0, 0, 11, 23381, 64, 0, 0, 0, 0, 1, 0, 0, 0, 0, 0, 0, 0, 0,           'Tortured Druid - Between 0-50% Health - Cast Healing Touch'), -- https://www.youtube.com/watch?v=U2NTYNHjvM0
(12178, 0, 1, 0, 0, 0, 100, 0, 4000, 10000, 4000, 10000, 0, 0, 11, 23380, 32, 0, 0, 0, 0, 2, 0, 0, 0, 0, 0, 0, 0, 0,    'Tortured Druid - In Combat - Cast Moonfire'),
(12178, 0, 2, 3, 6, 0, 75, 512, 0, 0, 0, 0, 0, 0, 11, 21327, 2, 0, 0, 0, 0, 1, 0, 0, 0, 0, 0, 0, 0, 0,                  'Tortured Druid - On Just Died - Cast Summon Hive\'Ashi Drones'),
(12178, 0, 3, 0, 61, 0, 100, 512, 0, 0, 0, 0, 0, 0, 1, 0, 0, 0, 0, 0, 0, 1, 0, 0, 0, 0, 0, 0, 0, 0,                     'Tortured Druid - On Just Died - Say Line 0'),
(12179, 0, 0, 1, 6, 0, 75, 512, 0, 0, 0, 0, 0, 0, 11, 21327, 2, 0, 0, 0, 0, 1, 0, 0, 0, 0, 0, 0, 0, 0,                  'Tortured Sentinel - On Just Died - Cast Summon Hive\'Ashi Drones'),
(12179, 0, 1, 0, 61, 0, 100, 512, 0, 0, 0, 0, 0, 0, 1, 0, 0, 0, 0, 0, 0, 1, 0, 0, 0, 0, 0, 0, 0, 0,                     'Tortured Sentinel - On Just Died - Say Line 0'),
--
(14471, 0, 0, 0, 0, 0, 100, 0, 12000, 15000, 17000, 24000, 0, 0, 11, 16727, 0, 0, 0, 0, 0, 1, 0, 0, 0, 0, 0, 0, 0, 0,   'Setis - In Combat - Cast War Stomp'),
(14471, 0, 1, 0, 0, 0, 100, 0, 15000, 150000, 15000, 15000, 0, 0, 11, 10887, 0, 0, 0, 0, 0, 21, 5, 0, 0, 0, 0, 0, 0, 0, 'Setis - Within 0-5 Range - Cast Crowd Pummel'),
(14471, 0, 2, 0, 25, 0, 100, 512, 0, 0, 0, 0, 0, 0, 48, 1, 0, 0, 0, 0, 0, 1, 0, 0, 0, 0, 0, 0, 0, 0,                    'Setis - On Reset - Set Active On'),
(14472, 0, 0, 0, 11, 0, 100, 0, 0, 0, 0, 0, 0, 0, 11, 21788, 0, 0, 0, 0, 0, 1, 0, 0, 0, 0, 0, 0, 0, 0,                  'Gretheer - On Respawn - Cast Deadly Poison Proc'),
(14472, 0, 1, 0, 0, 0, 100, 0, 0, 9000, 9000, 14000, 0, 0, 11, 745, 0, 0, 0, 0, 0, 21, 30, 0, 0, 0, 0, 0, 0, 0,         'Gretheer - Within 0-30 Range - Cast Web'),
(14474, 0, 0, 0, 9, 0, 100, 0, 0, 0, 5000, 9000, 0, 30, 11, 21971, 64, 0, 0, 0, 0, 2, 0, 0, 0, 0, 0, 0, 0, 0,           'Zora - Within 0-30 Range - Cast Poison Bolt'),
(14475, 0, 0, 0, 0, 0, 100, 0, 5000, 7000, 12000, 14000, 0, 0, 11, 6016, 0, 7, 0, 0, 0, 21, 5, 0, 0, 0, 0, 0, 0, 0,     'Rex Ashil - Within 0-5 Range - Cast Pierce Armor'),
(14477, 0, 0, 0, 0, 0, 100, 0, 5000, 8000, 9000, 13000, 0, 0, 11, 5568, 0, 0, 0, 0, 0, 1, 0, 0, 0, 0, 0, 0, 0, 0,       'Grubthor - In Combat - Cast Trample'),
(14478, 0, 0, 0, 0, 0, 100, 0, 4000, 10000, 5000, 15000, 0, 0, 11, 15659, 64, 0, 0, 0, 0, 2, 0, 0, 0, 0, 0, 0, 0, 0,    'Huricanian - In Combat - Cast Chain Lightning'),
(14479, 0, 0, 0, 0, 0, 100, 0, 0, 0, 2000, 3000, 0, 0, 11, 19816, 64, 0, 0, 0, 0, 2, 0, 0, 0, 0, 0, 0, 0, 0,            'Twilight Lord Everun - In Combat - Cast Fireball'),
(14479, 0, 1, 0, 9, 0, 100, 0, 0, 0, 5000, 25000, 0, 20, 11, 17439, 0, 0, 0, 0, 0, 2, 0, 0, 0, 0, 0, 0, 0, 0,           'Twilight Lord Everun - Within 0-20 Range - Cast Shadow Shock'),
(14479, 0, 2, 0, 2, 0, 100, 1, 0, 15, 0, 0, 0, 0, 25, 1, 0, 0, 0, 0, 0, 0, 0, 0, 0, 0, 0, 0, 0, 0,                      'Twilight Lord Everun - Between 0-15% Health - Flee For Assist (No Repeat)'),
(15196, 0, 0, 0, 0, 0, 100, 0, 8000, 8000, 15000, 25000, 0, 0, 11, 3609, 0, 0, 0, 0, 0, 21, 5, 0, 0, 0, 0, 0, 0, 0,     'Deathclasp - Within 0-5 Range - Cast Paralyzing Poison'),
(15196, 0, 1, 0, 0, 0, 100, 0, 15000, 15000, 10000, 20000, 0, 0, 11, 18670, 0, 0, 0, 0, 0, 21, 10, 0, 0, 0, 0, 0, 0, 0, 'Deathclasp - Within 0-10 Range - Cast Knock Away'),
(15200, 0, 0, 0, 0, 0, 100, 0, 3000, 5000, 10000, 15000, 0, 0, 11, 17165, 0, 0, 0, 0, 0, 21, 20, 0, 0, 0, 0, 0, 0, 0,   'Twilight Keeper Mayna - Within 0-20 Range - Cast Mind Flay'),
(15200, 0, 1, 0, 0, 0, 100, 0, 8500, 9500, 20000, 25000, 0, 0, 11, 15654, 0, 0, 0, 0, 0, 2, 0, 0, 0, 0, 0, 0, 0, 0,     'Twilight Keeper Mayna - In Combat - Cast Shadow Word: Pain'),
(15200, 0, 2, 0, 9, 0, 100, 0, 0, 0, 15000, 18000, 0, 5, 11, 22884, 0, 0, 0, 0, 0, 1, 0, 0, 0, 0, 0, 0, 0, 0,           'Twilight Keeper Mayna - Within 0-5 Range - Cast Psychic Scream'),
(15201, 0, 0, 0, 0, 0, 100, 0, 2000, 5000, 18000, 22000, 0, 0, 11, 15732, 32, 0, 0, 0, 0, 2, 0, 0, 0, 0, 0, 0, 0, 0,    'Twilight Flamereaver - In Combat - Cast Immolate'),
(15201, 0, 1, 0, 2, 0, 100, 1, 0, 15, 0, 0, 0, 0, 25, 1, 0, 0, 0, 0, 0, 0, 0, 0, 0, 0, 0, 0, 0, 0,                      'Twilight Flamereaver - Between 0-15% Health - Flee For Assist (No Repeat)'),
(15202, 0, 0, 0, 0, 0, 100, 0, 0, 0, 2000, 3000, 0, 0, 11, 19816, 64, 0, 0, 0, 0, 2, 0, 0, 0, 0, 0, 0, 0, 0,            'Vyral the Vile - In Combat - Cast Fireball'),
(15202, 0, 1, 0, 0, 0, 100, 0, 10000, 12000, 15000, 20000, 0, 0, 11, 17439, 0, 0, 0, 0, 0, 21, 20, 0, 0, 0, 0, 0, 0, 0, 'Vyral the Vile - Within 0-20 Range - Cast Shadow Shock'),
(15202, 0, 2, 0, 2, 0, 100, 1, 0, 15, 0, 0, 0, 0, 25, 1, 0, 0, 0, 0, 0, 0, 0, 0, 0, 0, 0, 0, 0, 0,                      'Vyral the Vile - Between 0-15% Health - Flee For Assist (No Repeat)'),
(15213, 0, 0, 0, 0, 0, 100, 0, 0, 0, 2000, 2000, 0, 0, 11, 9672, 64, 0, 0, 0, 0, 2, 0, 0, 0, 0, 0, 0, 0, 0,             'Twilight Overlord - In Combat - Cast Frostbolt'),
(15213, 0, 1, 0, 106, 0, 100, 0, 0, 0, 20000, 22000, 0, 8, 11, 11831, 1, 0, 0, 0, 0, 1, 0, 0, 0, 0, 0, 0, 0, 0,         'Twilight Overlord - Within 0-8 Range - Cast Frost Nova'),
(15213, 0, 2, 0, 0, 0, 100, 0, 8000, 9000, 20000, 22000, 0, 0, 11, 12058, 1, 0, 0, 0, 0, 2, 0, 0, 0, 0, 0, 0, 0, 0,     'Twilight Overlord - In Combat - Cast Chain Lightning'),
(15213, 0, 3, 0, 0, 0, 100, 0, 17000, 18000, 20000, 22000, 0, 0, 11, 13339, 0, 0, 0, 0, 0, 21, 20, 0, 0, 0, 0, 0, 0, 0, 'Twilight Overlord - Within 0-20 Range - Cast Fire Blast'),
(15213, 0, 4, 0, 2, 0, 100, 1, 0, 15, 0, 0, 0, 0, 25, 1, 0, 0, 0, 0, 0, 0, 0, 0, 0, 0, 0, 0, 0, 0,                      'Twilight Overlord - Between 0-15% Health - Flee For Assist (No Repeat)'),
(15213, 0, 5, 0, 6, 0, 100, 0, 0, 0, 0, 0, 0, 0, 86, 8602, 2, 9, 11880, 0, 20, 1, 0, 0, 0, 0, 0, 0, 0, 0,               'Twilight Overlord - On Death - Cross Cast Vengeance'),
(15308, 0, 0, 0, 0, 0, 100, 0, 5000, 8000, 10000, 15000, 0, 0, 11, 15305, 64, 0, 0, 0, 0, 2, 0, 0, 0, 0, 0, 0, 0, 0,    'Twilight Prophet - In Combat - Cast Chain Lightning'),
(15308, 0, 1, 0, 9, 0, 100, 0, 0, 0, 15000, 20000, 0, 5, 11, 22884, 0, 0, 0, 0, 0, 1, 0, 0, 0, 0, 0, 0, 0, 0,           'Twilight Prophet - Within 0-5 Range - Cast Psychic Scream'),
(15308, 0, 2, 0, 106, 0, 100, 0, 0, 0, 16000, 22000, 0, 8, 11, 17366, 1, 0, 0, 0, 0, 1, 0, 0, 0, 0, 0, 0, 0, 0,         'Twilight Prophet - Within 0-8 Range - Cast Fire Nova'),
(15308, 0, 3, 0, 106, 0, 100, 0, 0, 0, 20000, 25000, 0, 8, 11, 15531, 1, 0, 0, 0, 0, 1, 0, 0, 0, 0, 0, 0, 0, 0,         'Twilight Prophet - Within 0-8 Range - Cast Frost Nova'),
(15542, 0, 0, 0, 9, 0, 100, 0, 0, 0, 10000, 20000, 8, 25, 11, 22911, 0, 0, 0, 0, 0, 2, 0, 0, 0, 0, 0, 0, 0, 0,          'Twilight Marauder - Within 8-25 Range- Cast Charge'),
(15542, 0, 1, 0, 0, 0, 100, 0, 5000, 9000, 14000, 18000, 0, 0, 11, 23600, 0, 0, 0, 0, 0, 1, 0, 0, 0, 0, 0, 0, 0, 0,     'Twilight Marauder - In Combat - Cast Piercing Howl'),
(15542, 0, 2, 3, 2, 0, 100, 1, 0, 20, 0, 0, 0, 0, 11, 8599, 0, 0, 0, 0, 0, 1, 0, 0, 0, 0, 0, 0, 0, 0,                   'Twilight Marauder - Between 0-20% Health - Cast Enrage (No Repeat)'),
(15542, 0, 3, 0, 61, 0, 100, 0, 0, 0, 0, 0, 0, 0, 1, 0, 0, 0, 0, 0, 0, 1, 0, 0, 0, 0, 0, 0, 0, 0,                       'Twilight Marauder - On Enrage - Say Line 0');


-- fix movement of Twilight cultists
UPDATE `creature` SET `MovementType` = 1, `wander_distance` = 15 WHERE `guid` IN (42970, 42997, 43036);


-- Deathclasp waypoints
DELETE FROM `creature` WHERE `id1` = 15196;
INSERT INTO `creature` (`guid`, `id1`, `id2`, `id3`, `map`, `zoneId`, `areaId`, `spawnMask`, `phaseMask`, `equipment_id`, `position_x`, `position_y`, `position_z`, `orientation`, 
`spawntimesecs`, `wander_distance`, `currentwaypoint`, `curhealth`, `curmana`, `MovementType`, `npcflag`, `unit_flags`, `dynamicflags`, `ScriptName`, `VerifiedBuild`, `CreateObject`, `Comment`) VALUES
(42921, 15196, 0, 0, 1, 0, 0, 1, 1, 0, -8102.7, 967.628, 59.7207, 2.96696, 600, 0, 1, 8883, 0, 2, 0, 0, 0, '', 0, 0, NULL); 

DELETE FROM `creature_formations` WHERE `leaderGUID` = 42921;
INSERT INTO `creature_formations` (`leaderGUID`, `memberGUID`, `dist`, `angle`, `groupAI`, `point_1`, `point_2`) VALUES 
(42921, 42921, 0, 0, 515, 0, 0),
(42921, 44396, 4, 150, 515, 0, 0),
(42921, 44397, 4, 210, 515, 0, 0);

DELETE FROM `creature_addon` WHERE `guid` = 42921;
INSERT INTO `creature_addon` (`guid`, `path_id`, `mount`, `bytes1`, `bytes2`, `emote`, `visibilityDistanceType`, `auras`) VALUES 
(42921, 429210, 0, 0, 0, 0, 0, NULL);

DELETE FROM `waypoint_data` WHERE `id` = 429210;
INSERT INTO `waypoint_data` (`id`, `point`, `position_x`, `position_y`, `position_z`, `orientation`, `delay`, `move_type`, `action`, `action_chance`, `wpguid`) VALUES 
(429210, 1, -8102.7, 967.628, 59.6608, NULL, 0, 0, 0, 100, 0),
(429210, 2, -8114.65, 973.169, 61.9454, NULL, 0, 0, 0, 100, 0),
(429210, 3, -8091.66, 969.205, 54.2255, NULL, 0, 0, 0, 100, 0),
(429210, 4, -8074.71, 973.563, 46.2704, NULL, 0, 0, 0, 100, 0),
(429210, 5, -8063.58, 987.08, 42.0226, NULL, 0, 0, 0, 100, 0),
(429210, 6, -8058.13, 1001.68, 39.632, NULL, 10000, 0, 0, 100, 0),
(429210, 7, -8068.21, 980.402, 44.1115, NULL, 0, 0, 0, 100, 0),
(429210, 8, -8084.04, 970.468, 49.8062, NULL, 0, 0, 0, 100, 0);


-- Twilight Prophet, patrols/waypoints
SET @CGUID    := 651000;

-- misplaced Twilight Avengers, part of bugged Prophet escorts
DELETE FROM `creature` WHERE `guid` IN (42969, 42983, 42984); 
DELETE FROM `creature_addon` WHERE `guid` IN (42969, 42983, 42984); 

DELETE FROM `creature` WHERE `id1` = 15308;
DELETE FROM `creature` WHERE `guid` BETWEEN @CGUID+1 AND @CGUID+8;
INSERT INTO `creature` (`guid`, `id1`, `id2`, `id3`, `map`, `zoneId`, `areaId`, `spawnMask`, `phaseMask`, `equipment_id`, `position_x`, `position_y`, `position_z`, `orientation`, 
`spawntimesecs`, `wander_distance`, `currentwaypoint`, `curhealth`, `curmana`, `MovementType`, `npcflag`, `unit_flags`, `dynamicflags`, `ScriptName`, `VerifiedBuild`, `CreateObject`, `Comment`) VALUES
(43322, 15308, 0, 0, 1, 0, 0, 1, 1, 1, -7612.16, 1619.85, 2.5204, -1.45604, 3600, 0, 1, 7369, 11502, 2, 0, 0, 0, '', 0, 0, NULL),
(43323, 15308, 0, 0, 1, 0, 0, 1, 1, 1, -6888.79, 1636.61, 2.8743, 0.795651, 3600, 0, 1, 7369, 11502, 2, 0, 0, 0, '', 0, 0, NULL),
--
(@CGUID+1, 11880, 0, 0, 1, 0, 0, 1, 1, 1, -7612.38, 1616.86, 2.49802, 4.73518, 3540, 0, 0, 3876, 0, 0, 0, 0, 0, '', NULL, 0, NULL), -- escort of 43322
(@CGUID+2, 11880, 0, 0, 1, 0, 0, 1, 1, 1, -7609.12, 1619.94, 1.11992, 4.57025, 3540, 0, 0, 3998, 0, 0, 0, 0, 0, '', NULL, 0, NULL),
(@CGUID+3, 11880, 0, 0, 1, 0, 0, 1, 1, 1, -7611.79, 1623.39, 2.2698, 4.66057, 3540, 0, 0, 3998, 0, 0, 0, 0, 0, '', NULL, 0, NULL),
(@CGUID+4, 11880, 0, 0, 1, 0, 0, 1, 1, 1, -7615.12, 1620.55, 4.36953, 4.7077, 3540, 0, 0, 3876, 0, 0, 0, 0, 0, '', NULL, 0, NULL),
--
(@CGUID+5, 11880, 0, 0, 1, 0, 0, 1, 1, 1, -6886.17, 1638.31, 3.01842, 0.563139, 3540, 0, 0, 3876, 0, 0, 0, 0, 0, '', NULL, 0, NULL), -- escort of 43323
(@CGUID+6, 11880, 0, 0, 1, 0, 0, 1, 1, 1, -6890.34, 1638.63, 2.71004, 0.567064, 3540, 0, 0, 3998, 0, 0, 0, 0, 0, '', NULL, 0, NULL),
(@CGUID+7, 11880, 0, 0, 1, 0, 0, 1, 1, 1, -6890.95, 1635.1, 2.7273, 0.535647, 3540, 0, 0, 3998, 0, 0, 0, 0, 0, '', NULL, 0, NULL),
(@CGUID+8, 11880, 0, 0, 1, 0, 0, 1, 1, 1, -6887.17, 1634.11, 3.02476, 0.618115, 3540, 0, 0, 3876, 0, 0, 0, 0, 0, '', NULL, 0, NULL);

DELETE FROM `creature_formations` WHERE `leaderGUID` IN (43322, 43323);
INSERT INTO `creature_formations` (`leaderGUID`, `memberGUID`, `dist`, `angle`, `groupAI`, `point_1`, `point_2`) VALUES 
(43322, 43322, 0, 0, 515, 0, 0),
(43322, @CGUID+1, 4, 90, 515, 0, 0),
(43322, @CGUID+2, 4, 180, 515, 0, 0),
(43322, @CGUID+3, 4, 270, 515, 0, 0),
(43322, @CGUID+4, 4, 360, 515, 0, 0),
--
(43323, 43323, 0, 0, 515, 0, 0),
(43323, @CGUID+5, 4, 90, 515, 0, 0),
(43323, @CGUID+6, 4, 180, 515, 0, 0),
(43323, @CGUID+7, 4, 270, 515, 0, 0),
(43323, @CGUID+8, 4, 360, 515, 0, 0);

DELETE FROM `pool_creature` WHERE `guid` IN (43322, 43323);
INSERT INTO `pool_creature` (`guid`, `pool_entry`, `chance`, `description`) VALUES 
(43322, 601016, 0, 'Twilight Prophet'),
(43323, 601016, 0, 'Twilight Prophet');

DELETE FROM `pool_template` WHERE `entry` = 601016;
INSERT INTO `pool_template` (`entry`, `max_limit`, `description`) VALUES 
(601016, 1, 'Twilight Prophet');

DELETE FROM `creature_addon` WHERE `guid` IN (43322, 43323);
INSERT INTO `creature_addon` (`guid`, `path_id`, `mount`, `bytes1`, `bytes2`, `emote`, `visibilityDistanceType`, `auras`) VALUES 
(43322, 433220, 0, 0, 1, 0, 0, NULL),
(43323, 433230, 0, 0, 1, 0, 0, NULL);

DELETE FROM `waypoint_data` WHERE `id` IN (433220, 433230);
INSERT INTO `waypoint_data` (`id`, `point`, `position_x`, `position_y`, `position_z`, `orientation`, `delay`, `move_type`, `action`, `action_chance`, `wpguid`) VALUES 
(433220, 1, -7611.79, 1607.78, 2.3015, 4.75279, 0, 0, 0, 100, 0),
(433220, 2, -7615.14, 1598.43, 3.98964, 5.05516, 0, 0, 0, 100, 0),
(433220, 3, -7618.21, 1582, 5.60624, 4.38365, 0, 0, 0, 100, 0),
(433220, 4, -7636.72, 1575.48, 7.05201, 3.40976, 0, 0, 0, 100, 0),
(433220, 5, -7653.19, 1580.34, 5.85397, 2.69505, 0, 0, 0, 100, 0),
(433220, 6, -7664.2, 1589.65, 1.31083, 2.43979, 0, 0, 0, 100, 0),
(433220, 7, -7678.24, 1602.48, 1.82788, 2.40052, 0, 0, 0, 100, 0),
(433220, 8, -7693.7, 1616.62, 4.20903, 2.40052, 0, 0, 0, 100, 0),
(433220, 9, -7715.78, 1636.82, 7.72923, 2.40052, 0, 0, 0, 100, 0),
(433220, 10, -7752.84, 1661.92, 5.44309, 2.5576, 0, 0, 0, 100, 0),
(433220, 11, -7769.22, 1682.96, 0.683925, 1.90179, 0, 0, 0, 100, 0),
(433220, 12, -7799.63, 1741.77, 4.34389, 2.30235, 0, 0, 0, 100, 0),
(433220, 13, -7809.8, 1782.52, -0.444866, 1.78791, 0, 0, 0, 100, 0),
(433220, 14, -7823.42, 1810.01, 3.94168, 2.09422, 0, 0, 0, 100, 0),
(433220, 15, -7842.65, 1835.53, 3.76209, 2.30627, 0, 0, 0, 100, 0),
(433220, 16, -7863.87, 1852.18, 2.86558, 2.53011, 0, 0, 0, 100, 0),
(433220, 17, -7887.41, 1866.35, 2.93402, 2.66363, 0, 0, 0, 100, 0),
(433220, 18, -7859.67, 1855.18, 2.74721, 5.86021, 0, 0, 0, 100, 0),
(433220, 19, -7838.56, 1842.09, 4.05976, 5.61282, 0, 0, 0, 100, 0),
(433220, 20, -7810.02, 1813.71, 4.02074, 5.37721, 0, 0, 0, 100, 0),
(433220, 21, -7785.18, 1771.1, -0.06016, 5.22406, 0, 0, 0, 100, 0),
(433220, 22, -7780.84, 1732.04, 2.3233, 4.7921, 0, 0, 0, 100, 0),
(433220, 23, -7769.04, 1700.54, 0.74436, 5.51465, 0, 0, 0, 100, 0),
(433220, 24, -7741.36, 1678.15, 6.52284, 5.6246, 0, 0, 0, 100, 0),
(433220, 25, -7705.68, 1645.7, 7.82174, 5.47538, 0, 0, 0, 100, 0),
(433220, 26, -7667.94, 1604.51, 1.52622, 5.52644, 0, 0, 0, 100, 0),
(433220, 27, -7635.43, 1581.5, 5.93618, 5.84059, 0, 0, 0, 100, 0),
(433220, 28, -7614.63, 1580.4, 5.1389, 2.76576, 0, 0, 0, 100, 0),
(433220, 29, -7611.13, 1603.01, 2.50675, 1.50912, 0, 0, 0, 100, 0),
(433220, 30, -7609.62, 1589.88, 3.41483, 1.13576, 0, 0, 0, 100, 0),
(433220, 31, -7618.36, 1575.05, 6.12038, 0.582052, 0, 0, 0, 100, 0),
(433220, 32, -7633.53, 1565.07, 8.19204, 0.582052, 0, 0, 0, 100, 0),
(433220, 33, -7657.38, 1548.17, 8.98179, 6.08062, 0, 0, 0, 100, 0),
(433220, 34, -7672.72, 1550.73, 7.24032, 5.38083, 0, 0, 0, 100, 0),
(433220, 35, -7690.34, 1573.04, 3.23954, 5.38083, 0, 0, 0, 100, 0),
(433220, 36, -7701.12, 1586.69, 3.64412, 5.38083, 0, 0, 0, 100, 0),
(433220, 37, -7712.37, 1600.94, 3.10336, 5.38083, 0, 0, 0, 100, 0),
(433220, 38, -7733.12, 1627.21, 7.32541, 5.38083, 0, 0, 0, 100, 0),
(433220, 39, -7748.5, 1646.69, 6.09533, 5.38083, 0, 0, 0, 100, 0),
(433220, 40, -7771.59, 1674.04, 2.28311, 5.5654, 0, 0, 0, 100, 0),
(433220, 41, -7791.69, 1691.59, -0.531833, 5.5654, 0, 0, 0, 100, 0),
(433220, 42, -7800.83, 1699.58, 2.02195, 5.5654, 0, 0, 0, 100, 0),
(433220, 43, -7816.98, 1716.94, 3.17339, 5.25439, 0, 0, 0, 100, 0),
(433220, 44, -7845.9, 1764.1, -0.020669, 5.1138, 0, 0, 0, 100, 0),
(433220, 45, -7852.1, 1778.7, 0.129083, 5.1138, 0, 0, 0, 100, 0),
(433220, 46, -7857.91, 1792.39, 2.28382, 5.1138, 0, 0, 0, 100, 0),
(433220, 47, -7852.1, 1778.7, 0.129083, 5.1138, 0, 0, 0, 100, 0),
(433220, 48, -7845.9, 1764.1, -0.020669, 5.1138, 0, 0, 0, 100, 0),
(433220, 49, -7816.98, 1716.94, 3.17339, 5.25439, 0, 0, 0, 100, 0),
(433220, 50, -7800.83, 1699.58, 2.02195, 5.5654, 0, 0, 0, 100, 0),
(433220, 51, -7791.69, 1691.59, -0.531833, 5.5654, 0, 0, 0, 100, 0),
(433220, 52, -7771.59, 1674.04, 2.28311, 5.5654, 0, 0, 0, 100, 0),
(433220, 53, -7748.5, 1646.69, 6.09533, 5.38083, 0, 0, 0, 100, 0),
(433220, 54, -7733.12, 1627.21, 7.32541, 5.38083, 0, 0, 0, 100, 0),
(433220, 55, -7712.37, 1600.94, 3.10336, 5.38083, 0, 0, 0, 100, 0),
(433220, 56, -7701.12, 1586.69, 3.64412, 5.38083, 0, 0, 0, 100, 0),
(433220, 57, -7690.34, 1573.04, 3.23954, 5.38083, 0, 0, 0, 100, 0),
(433220, 58, -7672.72, 1550.73, 7.24032, 5.38083, 0, 0, 0, 100, 0),
(433220, 59, -7657.38, 1548.17, 8.98179, 6.08062, 0, 0, 0, 100, 0),
(433220, 60, -7633.53, 1565.07, 8.19204, 0.582052, 0, 0, 0, 100, 0),
(433220, 61, -7618.36, 1575.05, 6.12038, 0.582052, 0, 0, 0, 100, 0),
(433220, 62, -7609.62, 1589.88, 3.41483, 1.13576, 0, 0, 0, 100, 0),
(433220, 63, -7612.01, 1612.5, 2.15631, 1.67611, 0, 0, 0, 100, 0),
(433220, 64, -7605.9, 1634.24, 1.68615, 1.14911, 0, 0, 0, 100, 0),
(433220, 65, -7596.68, 1654.79, 1.99252, 1.14911, 0, 0, 0, 100, 0),
(433220, 66, -7591.57, 1666.17, 5.48147, 1.14911, 0, 0, 0, 100, 0),
--
(433230, 1, -6884.11, 1685.24, 4.14966, 0.98219, 0, 0, 0, 100, 0),
(433230, 2, -6855.12, 1724.63, 3.10327, 0.931136, 0, 0, 0, 100, 0),
(433230, 3, -6817.98, 1774.55, 2.4699, 0.931136, 0, 0, 0, 100, 0),
(433230, 4, -6797.3, 1806.08, 2.39894, 1.06465, 0, 0, 0, 100, 0),
(433230, 5, -6768.14, 1846.23, 4.57433, 0.825107, 0, 0, 0, 100, 0),
(433230, 6, -6743.35, 1872.03, 2.85865, 0.664101, 0, 0, 0, 100, 0),
(433230, 7, -6766.98, 1842, 4.45532, 4.03739, 0, 0, 0, 100, 0),
(433230, 8, -6797.83, 1803.46, 2.58808, 4.03739, 0, 0, 0, 100, 0),
(433230, 9, -6821.02, 1774.49, 2.37975, 4.03739, 0, 0, 0, 100, 0),
(433230, 10, -6849.54, 1738.86, 3.10327, 4.03739, 0, 0, 0, 100, 0),
(433230, 11, -6867.42, 1703.71, 3.41344, 4.31227, 0, 0, 0, 100, 0),
(433230, 12, -6880.1, 1673.74, 4.3849, 4.31227, 0, 0, 0, 100, 0),
(433230, 13, -6885.14, 1638.43, 3.07011, 4.69319, 0, 0, 0, 100, 0),
(433230, 14, -6880.55, 1600.47, -0.710585, 4.811, 0, 0, 0, 100, 0),
(433230, 15, -6876.96, 1561.99, -0.706997, 4.80315, 0, 0, 0, 100, 0),
(433230, 16, -6873.42, 1523.06, -0.29705, 4.80315, 0, 0, 0, 100, 0),
(433230, 17, -6869.34, 1478.26, 6.02944, 4.80315, 0, 0, 0, 100, 0),
(433230, 18, -6884.76, 1447.28, 4.02215, 4.04525, 0, 0, 0, 100, 0),
(433230, 19, -6910.07, 1424.34, 4.89743, 3.82141, 0, 0, 0, 100, 0),
(433230, 20, -6896.95, 1382.9, 2.83792, 5.02699, 0, 0, 0, 100, 0),
(433230, 21, -6900.25, 1343.56, 5.10981, 4.55968, 0, 0, 0, 100, 0),
(433230, 22, -6909.72, 1310.73, 6.53999, 4.35156, 0, 0, 0, 100, 0),
(433230, 23, -6920.69, 1250.53, 4.9333, 4.66179, 0, 0, 0, 100, 0),
(433230, 24, -6921.31, 1208.61, 2.44456, 4.70498, 0, 0, 0, 100, 0),
(433230, 25, -6919.48, 1162.13, 2.72898, 4.76388, 0, 0, 0, 100, 0),
(433230, 26, -6923.78, 1141.17, 4.63914, 4.52041, 0, 0, 0, 100, 0),
(433230, 27, -6921.57, 1173.18, 2.59174, 1.55946, 0, 0, 0, 100, 0),
(433230, 28, -6919.46, 1205.85, 2.05919, 1.46914, 0, 0, 0, 100, 0),
(433230, 29, -6906.52, 1247.79, 2.60247, 1.19818, 0, 0, 0, 100, 0),
(433230, 30, -6891.73, 1285.62, 0.192904, 1.19818, 0, 0, 0, 100, 0),
(433230, 31, -6880.84, 1313.49, 1.21157, 1.19818, 0, 0, 0, 100, 0),
(433230, 32, -6868.92, 1344, 3.21127, 1.19818, 0, 0, 0, 100, 0),
(433230, 33, -6858.19, 1379.5, 4.13117, 1.30813, 0, 0, 0, 100, 0),
(433230, 34, -6852.4, 1411.64, 1.58906, 1.50055, 0, 0, 0, 100, 0),
(433230, 35, -6852.35, 1444.57, 2.77499, 1.5516, 0, 0, 0, 100, 0),
(433230, 36, -6854.02, 1479.65, 4.33711, 1.6812, 0, 0, 0, 100, 0),
(433230, 37, -6860.34, 1514.65, 0.810431, 1.77937, 0, 0, 0, 100, 0),
(433230, 38, -6871.42, 1567, -0.71066, 1.77937, 0, 0, 0, 100, 0),
(433230, 39, -6885.13, 1636.31, 3.09676, 1.77152, 0, 0, 0, 100, 0),
(433230, 40, -6879.41, 1656.32, 3.35069, 4.85224, 0, 0, 0, 100, 0),
(433230, 41, -6881.65, 1668.98, 4.07967, 4.22707, 0, 0, 0, 100, 0),
(433230, 42, -6872.93, 1686.5, 4.2976, 4.30011, 0, 0, 0, 100, 0),
(433230, 43, -6863.74, 1703.25, 3.5754, 3.81944, 0, 0, 0, 100, 0),
(433230, 44, -6854.42, 1709.16, 3.29604, 2.97357, 0, 0, 0, 100, 0),
(433230, 45, -6839.21, 1706.58, 0.182967, 2.97357, 0, 0, 0, 100, 0),
(433230, 46, -6825.32, 1704.17, 2.56048, 2.89817, 0, 0, 0, 100, 0),
(433230, 47, -6811.5, 1701.87, 3.0732, 3.3914, 0, 0, 0, 100, 0),
(433230, 48, -6789.35, 1707.52, 3.14399, 3.3914, 0, 0, 0, 100, 0),
(433230, 49, -6772.28, 1715.71, 4.61705, 3.75897, 0, 0, 0, 100, 0),
(433230, 50, -6752.31, 1729.89, 4.44032, 3.75897, 0, 0, 0, 100, 0),
(433230, 51, -6735.14, 1742.32, 2.48715, 3.72127, 0, 0, 0, 100, 0),
(433230, 52, -6724.27, 1750.03, -0.726431, 3.83201, 0, 0, 0, 100, 0),
(433230, 53, -6713.9, 1758.6, 0.188765, 3.83201, 0, 0, 0, 100, 0),
(433230, 54, -6701.5, 1768.22, 2.47542, 3.53749, 0, 0, 0, 100, 0),
(433230, 55, -6681.8, 1773.8, 4.31723, 3.28066, 0, 0, 0, 100, 0),
(433230, 56, -6662.58, 1776.59, 5.55012, 3.3914, 0, 0, 0, 100, 0),
(433230, 57, -6642.97, 1781.59, 5.79434, 3.3914, 0, 0, 0, 100, 0),
(433230, 58, -6617.89, 1786.3, 2.5482, 3.24532, 0, 0, 0, 100, 0),
(433230, 59, -6642.97, 1781.59, 5.79434, 3.3914, 0, 0, 0, 100, 0),
(433230, 60, -6662.58, 1776.59, 5.55012, 3.3914, 0, 0, 0, 100, 0),
(433230, 61, -6681.8, 1773.8, 4.31723, 3.28066, 0, 0, 0, 100, 0),
(433230, 62, -6701.5, 1768.22, 2.47542, 3.53749, 0, 0, 0, 100, 0),
(433230, 63, -6713.9, 1758.6, 0.188765, 3.83201, 0, 0, 0, 100, 0),
(433230, 64, -6724.27, 1750.03, -0.726431, 3.83201, 0, 0, 0, 100, 0),
(433230, 65, -6735.14, 1742.32, 2.48715, 3.72127, 0, 0, 0, 100, 0),
(433230, 66, -6752.31, 1729.89, 4.44032, 3.75897, 0, 0, 0, 100, 0),
(433230, 67, -6772.28, 1715.71, 4.61705, 3.75897, 0, 0, 0, 100, 0),
(433230, 68, -6789.35, 1707.52, 3.14399, 3.3914, 0, 0, 0, 100, 0),
(433230, 69, -6811.5, 1701.87, 3.0732, 3.3914, 0, 0, 0, 100, 0),
(433230, 70, -6825.32, 1704.17, 2.56048, 2.89817, 0, 0, 0, 100, 0),
(433230, 71, -6839.21, 1706.58, 0.182967, 2.97357, 0, 0, 0, 100, 0),
(433230, 72, -6854.42, 1709.16, 3.29604, 2.97357, 0, 0, 0, 100, 0),
(433230, 73, -6863.74, 1703.25, 3.5754, 3.81944, 0, 0, 0, 100, 0),
(433230, 74, -6872.93, 1686.5, 4.2976, 4.30011, 0, 0, 0, 100, 0),
(433230, 75, -6881.65, 1668.98, 4.07967, 4.22707, 0, 0, 0, 100, 0),
(433230, 76, -6879.41, 1656.32, 3.35069, 4.85224, 0, 0, 0, 100, 0),
(433230, 77, -6883.67, 1637.74, 3.15424, 4.7038, 0, 0, 0, 100, 0),
(433230, 78, -6892.6, 1631.8, 2.62164, 2.64056, 0, 0, 0, 100, 0);

